,base_page_url,parent_page_url,current_page_url,page_hop,parent_page_index,parent_page_toc_item,abs_page_toc_item,index,toc_item,ancestor_toc_item,page_contents
0,https://namu.wiki/w/ILLIT,,https://namu.wiki/w/ILLIT,0,,,PROFILE,0.,PROFILE,,"ILLIT아일릿 · アイリット,,ILLIT아일릿 · アイリット,결성일,2023년9월 1일(#fn-1; HYBE 빌리프랩의 걸그룹 오디션 알유넥스트를 통해 결성되었다.)(결성일로부터+331일, 0주년)데뷔일,2024년 3월 25일(데뷔일로부터 +125일, 0주년),데뷔 음반,미니 1집 SUPER REAL MESUPER REAL MESUPER REAL ME,장르,K-POP,댄스 팝,R&B,힙합,플러그엔비,House(#fn-2; [공식기사] Magnetic 타이틀곡의 장르는 플러그엔비와 하우스(House)가 섞인 댄스 곡. 아르페지오 신스와 다이내믹한 베이스로 강렬한 리듬감을 보여준다.)소속사,빌리프랩,레이블,HYBE LABELS,유통사, 대한민국 행정구 속령,지니뮤직,스톤뮤직엔터테인먼트, 중국 행정구 속령,텐센트 뮤직 엔터테인먼트,팬덤,ILLIT/팬덤ILLIT/팬덤ILLIT/팬덤,ILLIT/팬덤ILLIT/팬덤ILLIT/팬덤,공식사이트, 대한민국 행정구 속령, , 일본 행정구 속령, ,링크, ⠀[ 펼치기 · 접기 ] 대한민국 행정구 속령공식｜멤버｜｜｜｜｜ 일본 행정구 속령 중국 행정구 속령｜, 대한민국 행정구 속령,공식｜멤버｜｜,｜｜｜, 일본 행정구 속령,, 중국 행정구 속령,｜,"
1,https://namu.wiki/w/ILLIT,,https://namu.wiki/w/ILLIT,0,,,개요,1.,개요,,"JTBC의 아이돌 오디션 프로그램 '알유넥스트'에서 결성되어,2024년3월 25일데뷔한빌리프랩소속의 5인조다국적 걸그룹.(#fn-4; 한국인 3명, 일본인 2명.) ,둘, 셋!(#fn-3; 원희가 선창한다.)안녕하세요, ILLIT입니다!"
2,https://namu.wiki/w/ILLIT,,https://namu.wiki/w/ILLIT,0,,,멤버,2.,멤버,," ,,,,,,윤아,민주,모카,원희,이로하,2004. 01. 15. (20세), 대한민국 행정구 속령,2004. 05. 11. (20세), 대한민국 행정구 속령,2004. 10. 08. (19세), 일본 행정구 속령,2007. 06. 26. (17세), 대한민국 행정구 속령,2008. 02. 04. (16세), 일본 행정구 속령,"
3,https://namu.wiki/w/ILLIT,https://namu.wiki/w/ILLIT,https://namu.wiki/w/ILLIT/%EB%A9%A4%EB%B2%84%20%EA%B0%84%20%EC%BC%80%EB%AF%B8,1,2.1.,멤버 간 케미,멤버/멤버 간 케미//개요,1.,개요,,ILLIT의 멤버 간 케미를 설명한 문서.
4,https://namu.wiki/w/ILLIT,https://namu.wiki/w/ILLIT,https://namu.wiki/w/ILLIT/%EB%A9%A4%EB%B2%84%20%EA%B0%84%20%EC%BC%80%EB%AF%B8,1,2.1.,멤버 간 케미,멤버/멤버 간 케미//멤버 간 케미,2.,멤버 간 케미,,",윤아,민주,모카,원희,이로하,윤아,🐆,치토스,아카즈,히치즈,츄로스,민주,치토스,🐰,미모즈,마희쭈,울보즈,모카,아카즈,미모즈,🐹,모희또즈,모카롱,원희,히치즈,마희쭈,모희또즈,🦔,희어로즈,이로하,츄로스,울보즈,모카롱,희어로즈,🐢, ILLIT 멤버 본인들이 만들거나 팬들의 언급에 호응하여 공식적으로 밝힌 케미는 《🧡》 로 표시.,1. 공식적으로 밝힌 케미명은 문단 내에 공식화된 날짜와 출처 링크를 첨부합니다.2. 공식화 된 케미명을 앞으로 위치시키고, 나머지 케미명은 가나다 순으로 정렬, 나이 순서대로 작성해주세요., ,윤아,민주,모카,원희,이로하,윤아,🐆,치토스,아카즈,히치즈,츄로스,민주,치토스,🐰,미모즈,마희쭈,울보즈,모카,아카즈,미모즈,🐹,모희또즈,모카롱,원희,히치즈,마희쭈,모희또즈,🦔,희어로즈,이로하,츄로스,울보즈,모카롱,희어로즈,🐢,"
5,https://namu.wiki/w/ILLIT,https://namu.wiki/w/ILLIT,https://namu.wiki/w/ILLIT/%EB%A9%A4%EB%B2%84%20%EA%B0%84%20%EC%BC%80%EB%AF%B8,1,2.1.,멤버 간 케미,멤버/멤버 간 케미//멤버 간 케미/2인,2.1.,2인,멤버 간 케미,해당 섹션에 대한 설명이 없거나 하위 문서로 대체됩니다.
6,https://namu.wiki/w/ILLIT,https://namu.wiki/w/ILLIT,https://namu.wiki/w/ILLIT/%EB%A9%A4%EB%B2%84%20%EA%B0%84%20%EC%BC%80%EB%AF%B8,1,2.1.,멤버 간 케미,멤버/멤버 간 케미//멤버 간 케미/2인/윤아 + 민주,2.1.1.,윤아 + 민주,멤버 간 케미/2인,치토스 윤아를 치타에 비유해 치 + 민주를 토끼에 비유해 토를 조합해 치토스가 되었다.
7,https://namu.wiki/w/ILLIT,https://namu.wiki/w/ILLIT,https://namu.wiki/w/ILLIT/%EB%A9%A4%EB%B2%84%20%EA%B0%84%20%EC%BC%80%EB%AF%B8,1,2.1.,멤버 간 케미,멤버/멤버 간 케미//멤버 간 케미/2인/윤아 + 모카,2.1.2.,윤아 + 모카,멤버 간 케미/2인,햄치즈 모카를 햄스터로 비유해 '햄' + 윤아를 치타에 비유해 '치'. 조합해 <햄치즈>가 되었다.  아카즈 윤아 + 모카. 각자 이름의 글자를 따서 조합명을 만들었다. [赤(あか) ちゃん][아카짱] 아기라는 뜻이다.
8,https://namu.wiki/w/ILLIT,https://namu.wiki/w/ILLIT,https://namu.wiki/w/ILLIT/%EB%A9%A4%EB%B2%84%20%EA%B0%84%20%EC%BC%80%EB%AF%B8,1,2.1.,멤버 간 케미,멤버/멤버 간 케미//멤버 간 케미/2인/윤아 + 원희,2.1.3.,윤아 + 원희,멤버 간 케미/2인,"히치즈🧡 원희의 별명 원히의 '히'와 윤아를 치타에 비유해 '치'를 결합한 조합명이다. 2023년 11월 21일 아일릿 제주도 리얼리티  I’LL LIKE IT!에서 공식화가 되었다.  와플즈 윤아, 원희 둘 다 디저트 중에서 와플을 가장 좋아해서 붙혀진 이름이다.  N차원즈 알유넥스트 마지막화 지목토크 하는 시간에 '연습생 중 N차원은?'주제에서 원희 5표, 윤아 3표로 가장 많은 표를 받았다. 윤아와 원희가 같은 방을 쓰게 되었을때, 재밌는 시간을 보낸다. 영상에서 N차원 듀오로 자막이 나오면서 케미명이 N차원즈가 되었다."
9,https://namu.wiki/w/ILLIT,https://namu.wiki/w/ILLIT,https://namu.wiki/w/ILLIT/%EB%A9%A4%EB%B2%84%20%EA%B0%84%20%EC%BC%80%EB%AF%B8,1,2.1.,멤버 간 케미,멤버/멤버 간 케미//멤버 간 케미/2인/윤아 + 이로하,2.1.4.,윤아 + 이로하,멤버 간 케미/2인,맏막즈🧡 팀에서 맏이인 윤아와 막내 이로하의 조합이다. 2023년 11월 14일 아일릿 제주도 리얼리티  I’LL LIKE IT!에서 공식화가 되었다.  츄로스 윤아의 별명 메추리알과 이로하를 조합하여 추로스에 빗댄 조합명을 만들었다.
10,https://namu.wiki/w/ILLIT,https://namu.wiki/w/ILLIT,https://namu.wiki/w/ILLIT/%EB%A9%A4%EB%B2%84%20%EA%B0%84%20%EC%BC%80%EB%AF%B8,1,2.1.,멤버 간 케미,멤버/멤버 간 케미//멤버 간 케미/2인/민주 + 모카,2.1.5.,민주 + 모카,멤버 간 케미/2인,"미모즈🧡 민주의 스펠링 MINJU + 모카의 스펠링 MOKA가 결합되어서 만들어졌다. 2024년 7월 5일 아일릿 자체 컨텐츠  아일릿의 밤에서 공식화가 되었다.  어사즈 알유넥스트 마지막화 지목토크 하는 시간에 연습생 중 가장 어색한 사이로 서로를 지목하여 얻은 별명이다. 촬영일 이후 어색하지 않은 사이가 되었다고 하지만, 첫 Weverse 라이브에서도 언급된 만큼 새로운 조합명이 등장하기 전까지는 계속 사용 될 듯하다."
11,https://namu.wiki/w/ILLIT,https://namu.wiki/w/ILLIT,https://namu.wiki/w/ILLIT/%EB%A9%A4%EB%B2%84%20%EA%B0%84%20%EC%BC%80%EB%AF%B8,1,2.1.,멤버 간 케미,멤버/멤버 간 케미//멤버 간 케미/2인/민주 + 원희,2.1.6.,민주 + 원희,멤버 간 케미/2인,"마희쭈🧡 마+ 원희+ 민주.(#fn-1; 주 → 쭈)각자 이름의 글자를 따마이쮸에 빗댄 조합명으로, 2024년 5월 7일두 유 마~희쭈에서 공식화되었다.  콩알즈🧡 동글동글 귀엽다고 해서 지어진 조합명으로,  비하인드 더 쇼 240402에서 공식화되었다."
12,https://namu.wiki/w/ILLIT,https://namu.wiki/w/ILLIT,https://namu.wiki/w/ILLIT/%EB%A9%A4%EB%B2%84%20%EA%B0%84%20%EC%BC%80%EB%AF%B8,1,2.1.,멤버 간 케미,멤버/멤버 간 케미//멤버 간 케미/2인/민주 + 이로하,2.1.7.,민주 + 이로하,멤버 간 케미/2인,"울보즈 팀 내에서 가장 눈물이 많은 멤버라는 공통점이 있는 울보즈 민주와 이로하의 조합이다. 이로하는 알유넥스트 최종화 내 친구를 소개합니다. 영상에서 민주와 원희에게 눈물이 많은 멤버로 뽑혔다. 민주는 알유넥스트 4라운드에서 워스트를 받자 속상함에 눈물을 흘리다가 ""또 울어버렸다"" 하는 모습이 나오는 등 방송에서 우는 모습을 많이 보여주었어서 이로하와 함께 눈물이 많은 멤버이다.  슈크림즈 민주랑 이로하 둘 다슈크림붕어빵파라서 붙혀진 이름이다.(#fn-2; 민주 답글 #이로하 포스트-밑에서 두 번째 답글)그러나 2024년 5월 15일 음악 방송 비하인드BEHIND-IT에서 모카가 슈크림 붕어빵파임을 밝혔다."
13,https://namu.wiki/w/ILLIT,https://namu.wiki/w/ILLIT,https://namu.wiki/w/ILLIT/%EB%A9%A4%EB%B2%84%20%EA%B0%84%20%EC%BC%80%EB%AF%B8,1,2.1.,멤버 간 케미,멤버/멤버 간 케미//멤버 간 케미/2인/모카 + 원희,2.1.8.,모카 + 원희,멤버 간 케미/2인,모희또즈🧡 모카 + 원희. 각자 이름의 글자를 따 모히또에 빗댄 조합명을 만들었다. 2024년 3월 29일  모희또즈의 슈퍼리얼 폐호텔 탐험에서 공식화가 되었다.
14,https://namu.wiki/w/ILLIT,https://namu.wiki/w/ILLIT,https://namu.wiki/w/ILLIT/%EB%A9%A4%EB%B2%84%20%EA%B0%84%20%EC%BC%80%EB%AF%B8,1,2.1.,멤버 간 케미,멤버/멤버 간 케미//멤버 간 케미/2인/모카 + 이로하,2.1.9.,모카 + 이로하,멤버 간 케미/2인,모카롱🧡 모카 + 이로하. 각자 이름의 글자를 따 마카롱에 빗댄 조합명이다. 2023년 10월 24일 아일릿 제주도 리얼리티  I’LL LIKE IT!에서 공식화가 되었다.
15,https://namu.wiki/w/ILLIT,https://namu.wiki/w/ILLIT,https://namu.wiki/w/ILLIT/%EB%A9%A4%EB%B2%84%20%EA%B0%84%20%EC%BC%80%EB%AF%B8,1,2.1.,멤버 간 케미,멤버/멤버 간 케미//멤버 간 케미/2인/원희 + 이로하,2.1.10.,원희 + 이로하,멤버 간 케미/2인,"막내즈🧡 팀 내에서 가장 어린 07년생 원희, 08년생 이로하를 나이로 묶은 조합명이다. 2023년 10월 31일 아일릿 제주도 리얼리티  I’LL LIKE IT!에서 공식화가 되었다.  희어로즈🧡 원희 + 이로하. 각자 이름의 글자를 따 히어로즈에 빗댄 조합명을 만들었다. 2024년 1월 23일 아일릿 자체 컨텐츠 I'LL-IT Ready에서 공식화가 되었다.  꽃반지즈 알유넥스트 프로필 메이킹 필름에서 '(이로하한테 꽁냥꽁냥 반지 만들어주는 원희, 그렇게 해서 탄생한 꽃반지)'라는 장면이 나온다. 원희가 이로하한테 꽃반지 만들어주는 장면에서 비롯된 조합명이다."
16,https://namu.wiki/w/ILLIT,https://namu.wiki/w/ILLIT,https://namu.wiki/w/ILLIT/%EB%A9%A4%EB%B2%84%20%EA%B0%84%20%EC%BC%80%EB%AF%B8,1,2.1.,멤버 간 케미,멤버/멤버 간 케미//멤버 간 케미/3인,2.2.,3인,멤버 간 케미,해당 섹션에 대한 설명이 없거나 하위 문서로 대체됩니다.
17,https://namu.wiki/w/ILLIT,https://namu.wiki/w/ILLIT,https://namu.wiki/w/ILLIT/%EB%A9%A4%EB%B2%84%20%EA%B0%84%20%EC%BC%80%EB%AF%B8,1,2.1.,멤버 간 케미,멤버/멤버 간 케미//멤버 간 케미/3인/윤아 + 민주 + 모카,2.2.1.,윤아 + 민주 + 모카,멤버 간 케미/3인,04즈🧡 팀 내 2004년생을 지칭하는 조합명이다. 2024년 7월 7일 아일릿 자체 컨텐츠  SUPER ILLIT에서 공식화가 되었다.  언니즈 팀 내 언니들을 지칭하는 조합. 07년생~08년생으로 구성된 막내즈와 대비되는 조합이다.#
18,https://namu.wiki/w/ILLIT,https://namu.wiki/w/ILLIT,https://namu.wiki/w/ILLIT/%EB%A9%A4%EB%B2%84%20%EA%B0%84%20%EC%BC%80%EB%AF%B8,1,2.1.,멤버 간 케미,멤버/멤버 간 케미//멤버 간 케미/3인/윤아 + 민주 + 원희,2.2.2.,윤아 + 민주 + 원희,멤버 간 케미/3인,해당 섹션에 대한 설명이 없거나 하위 문서로 대체됩니다.
19,https://namu.wiki/w/ILLIT,https://namu.wiki/w/ILLIT,https://namu.wiki/w/ILLIT/%EB%A9%A4%EB%B2%84%20%EA%B0%84%20%EC%BC%80%EB%AF%B8,1,2.1.,멤버 간 케미,멤버/멤버 간 케미//멤버 간 케미/3인/윤아 + 민주 + 이로하,2.2.3.,윤아 + 민주 + 이로하,멤버 간 케미/3인,호박아즈🧡 '호'카조노 이로하 +'박'민주 + 노윤'아'를 합한 조합명이다. 2024년 2월 4일Weverse LIVE에서 탄생한 조합명이다.(#fn-3; 21분 38초 참고.)
20,https://namu.wiki/w/ILLIT,https://namu.wiki/w/ILLIT,https://namu.wiki/w/ILLIT/%EB%A9%A4%EB%B2%84%20%EA%B0%84%20%EC%BC%80%EB%AF%B8,1,2.1.,멤버 간 케미,멤버/멤버 간 케미//멤버 간 케미/3인/윤아 + 모카 + 원희,2.2.4.,윤아 + 모카 + 원희,멤버 간 케미/3인,"부웊후즈🧡 제주도의 테마파크 스누피가든에서 원희가 BOO팻말, 모카가 WOOF팻말, 윤아가 WHO팻말을 들고 있었어서 윤아가 직접 만들어낸 조합명이다. 자막에서도 ""부웊후 조합 많사부♡""라고 나오면서 부웊후즈가 되었다. 2023년 11월 14일 아일릿 제주도 리얼리티  I’LL LIKE IT!에서 공식화가 되었다.  햄치치🧡 모카를 햄스터로 비유해'햄' + 윤아를 치타에 비유해'치' + 원희를 강아지 치와와에 비유해서'치'. 합쳐서햄치치라는 조합명이 되었다. 2024년 1월 15일Weverse LIVE에서 탄생한 조합명이다.(#fn-4; 21분 26초 참고.)"
21,https://namu.wiki/w/ILLIT,https://namu.wiki/w/ILLIT,https://namu.wiki/w/ILLIT/%EB%A9%A4%EB%B2%84%20%EA%B0%84%20%EC%BC%80%EB%AF%B8,1,2.1.,멤버 간 케미,멤버/멤버 간 케미//멤버 간 케미/3인/윤아 + 모카 + 이로하,2.2.5.,윤아 + 모카 + 이로하,멤버 간 케미/3인,해당 섹션에 대한 설명이 없거나 하위 문서로 대체됩니다.
22,https://namu.wiki/w/ILLIT,https://namu.wiki/w/ILLIT,https://namu.wiki/w/ILLIT/%EB%A9%A4%EB%B2%84%20%EA%B0%84%20%EC%BC%80%EB%AF%B8,1,2.1.,멤버 간 케미,멤버/멤버 간 케미//멤버 간 케미/3인/윤아 + 원희 + 이로하,2.2.6.,윤아 + 원희 + 이로하,멤버 간 케미/3인,해당 섹션에 대한 설명이 없거나 하위 문서로 대체됩니다.
23,https://namu.wiki/w/ILLIT,https://namu.wiki/w/ILLIT,https://namu.wiki/w/ILLIT/%EB%A9%A4%EB%B2%84%20%EA%B0%84%20%EC%BC%80%EB%AF%B8,1,2.1.,멤버 간 케미,멤버/멤버 간 케미//멤버 간 케미/3인/민주 + 모카 + 원희,2.2.7.,민주 + 모카 + 원희,멤버 간 케미/3인,해당 섹션에 대한 설명이 없거나 하위 문서로 대체됩니다.
24,https://namu.wiki/w/ILLIT,https://namu.wiki/w/ILLIT,https://namu.wiki/w/ILLIT/%EB%A9%A4%EB%B2%84%20%EA%B0%84%20%EC%BC%80%EB%AF%B8,1,2.1.,멤버 간 케미,멤버/멤버 간 케미//멤버 간 케미/3인/민주 + 모카 + 이로하,2.2.8.,민주 + 모카 + 이로하,멤버 간 케미/3인,"초식즈🧡 민주는 토끼, 모카는 햄찌, 이로하는 아기병아리로 비유해서 초식 동물이 모여 생긴 조합명이다. 2023년 11월 28일 아일릿 제주도 리얼리티  I’LL LIKE IT!에서 공식화가 되었다."
25,https://namu.wiki/w/ILLIT,https://namu.wiki/w/ILLIT,https://namu.wiki/w/ILLIT/%EB%A9%A4%EB%B2%84%20%EA%B0%84%20%EC%BC%80%EB%AF%B8,1,2.1.,멤버 간 케미,멤버/멤버 간 케미//멤버 간 케미/3인/민주 + 원희 + 이로하,2.2.9.,민주 + 원희 + 이로하,멤버 간 케미/3인,"콩자반즈🧡 민주는 콩자반 헤이터, 원희는 콩자반 러버, 이로하는 콩자반을 몰라서 생긴 조합명이다. 2024년 3월 27일 'Magnetic' MV Shoot Sketch  BEHIND-IT에서 공식화가 되었다."
26,https://namu.wiki/w/ILLIT,https://namu.wiki/w/ILLIT,https://namu.wiki/w/ILLIT/%EB%A9%A4%EB%B2%84%20%EA%B0%84%20%EC%BC%80%EB%AF%B8,1,2.1.,멤버 간 케미,멤버/멤버 간 케미//멤버 간 케미/3인/모카 + 원희 + 이로하,2.2.10.,모카 + 원희 + 이로하,멤버 간 케미/3인,"이모이(고구마)즈🧡 이로하 +모카 +이원희 → 이모이즈 → 고구마즈. 2023년 10월 8일Weverse LIVE에서 탄생한 조합명이다.(#fn-5; 26분 28초 ~ 28분 58초 참고. ""いも(이모)""가 일본어로 감자,고구마 종류 식물을 뜻하는데, 그래서 이모이즈가 한국어로 고구마즈가 되었다.)  ISFP(잇프피)즈🧡 팀 내 MBTI가 ISFP인 멤버들을 지칭하는 조합이다. 2023년 10월 31일 아일릿 제주도 리얼리티  I’LL LIKE IT!에서 공식화가 되었다. 그러나 멜론 하이라이징 프로필에 따르면 이로하의 MBTI가 INFJ로 바뀌었다.#"
27,https://namu.wiki/w/ILLIT,https://namu.wiki/w/ILLIT,https://namu.wiki/w/ILLIT/%EB%A9%A4%EB%B2%84%20%EA%B0%84%20%EC%BC%80%EB%AF%B8,1,2.1.,멤버 간 케미,멤버/멤버 간 케미//FOOTNOTES,EOD.,FOOTNOTES,,"[1] 주 → 쭈[2] 민주 답글 #이로하 포스트-밑에서 두 번째 답글[3] 21분 38초 참고.[4] 21분 26초 참고.[5] 26분 28초 ~ 28분 58초 참고. ""いも(이모)""가 일본어로 감자,고구마 종류 식물을 뜻하는데, 그래서 이모이즈가 한국어로 고구마즈가 되었다."
28,https://namu.wiki/w/ILLIT,,https://namu.wiki/w/ILLIT,0,,,멤버/알유넥스트에서의 멤버들,2.2.,알유넥스트에서의 멤버들,멤버,"1위,원희3,299,395점,소속사 선택(3위),소속사 선택(5위),민주2,961,696점,이로하2,569,421점,소속사 선택,소속사 선택,모카2,111,375점,윤아2,512,654점, 최종 데뷔조, 1위,원희3,299,395점, 소속사 선택(3위),소속사 선택(5위),민주2,961,696점,이로하2,569,421점, 소속사 선택,소속사 선택,모카2,111,375점,윤아2,512,654점,"
29,https://namu.wiki/w/ILLIT,,https://namu.wiki/w/ILLIT,0,,,멤버/알유넥스트의 멤버별 평가 내역,2.3.,알유넥스트의 멤버별 평가 내역,멤버,"멤버,1R트라이아웃,2R데스매치,3R올라운더,4R포지션 장악력,5R콘셉트 이해력,6R세미파이널,7R파이널,원희,Dreams Come True,FEARLESSMID-A,Dream of You,우주를 건너보컬A,다섯 번째 계절 (SSFWL),Scrum,Aim High,MY BAG,Feel Special,민주,Bad Girl Good Girl,FEARLESSMID-A,4 Walls,불티(spark)보컬B,I Don't Care,Scrum,Desperate,Tie a Cherry,Feel Special,이로하,달라달라,Given-TakenHIGH-B,The Boys,뱅(Bang)!댄스A,Monster,Scrum,Desperate,MONEY,Shut Down블랙유닛,Feel Special,모카,TOMBOY,AttentionMID-B,Dream of You,Tell Me댄스B,다섯 번째 계절 (SSFWL),Scrum,Aim High,MY BAG,Feel Special,윤아,Bad Girl Good Girl,AttentionHIGH-A,The Boys,우주를 건너보컬A,Monster,Pride,Aim High,MONEY,ELEVEN, 멤버,1R트라이아웃,2R데스매치,3R올라운더,4R포지션 장악력,5R콘셉트 이해력,6R세미파이널,7R파이널,원희,Dreams Come True,FEARLESSMID-A,Dream of You,우주를 건너보컬A,다섯 번째 계절 (SSFWL),Scrum,Aim High,MY BAG,Feel Special,민주,Bad Girl Good Girl,FEARLESSMID-A,4 Walls,불티(spark)보컬B,I Don't Care,Scrum,Desperate,Tie a Cherry,Feel Special,이로하,달라달라,Given-TakenHIGH-B,The Boys,뱅(Bang)!댄스A,Monster,Scrum,Desperate,MONEY,Shut Down블랙유닛,Feel Special,모카,TOMBOY,AttentionMID-B,Dream of You,Tell Me댄스B,다섯 번째 계절 (SSFWL),Scrum,Aim High,MY BAG,Feel Special,윤아,Bad Girl Good Girl,AttentionHIGH-A,The Boys,우주를 건너보컬A,Monster,Pride,Aim High,MONEY,ELEVEN,"
30,https://namu.wiki/w/ILLIT,,https://namu.wiki/w/ILLIT,0,,,특징,3.,특징,,해당 섹션에 대한 설명이 없거나 하위 문서로 대체됩니다.
31,https://namu.wiki/w/ILLIT,,https://namu.wiki/w/ILLIT,0,,,특징/로고,3.1.,로고,특징," ,"
32,https://namu.wiki/w/ILLIT,,https://namu.wiki/w/ILLIT,0,,,특징/그룹명,3.2.,그룹명,특징," ,그룹명인 ILLIT은 자주적이고 진취적인 의지(I Will)와 특별한 무언가를 의미하는 대명사(It)을 결합하여 무엇이든 될 수 있고, 무엇이 될지 기대된다는 의미를 담고 있다.,빌리프랩,"
33,https://namu.wiki/w/ILLIT,,https://namu.wiki/w/ILLIT,0,,,특징/콘셉트,3.3.,콘셉트,특징,"'하이브 막내딸' 아일릿, 청초한 소녀들의 슈퍼 리얼 10대 감성아일릿의 SUPER REAL ME 콘셉트 필름 영상 속 이들을 보고 있으면 ‘같이 놀고 싶은 우리 반 친구’가 떠오른다. 카메라를 의식하지 않고 자유롭게 노는, 때로는 엉뚱하지만 자신의 취향을 적극적으로 표현할 줄 아는 10대 소녀들의 모습이 영상에 고스란히 그려졌다.REAL ME 버전이 '우리 반 친구 같은 있는 그대로의 진짜 나'를 표현했다면, SUPER ME 버전에서 아일릿은 현실과 상상의 경계를 넘나드는 초월적 소녀들로 변신했다.윤아는 작은 방에서 거인이 되는가 하면, 민주는 물방울이 보이는 정원에서 혼자만의 시간을 즐긴다. 모카는 인형들 사이에 파묻혀 있거나, 원희는 구름을 침대 삼아 누워 있고, 이로하는 파란 꽃무늬의 유니콘과 노는 기발한 상상력을 드러낸다.빌리프랩은 아일릿의 SUPER ME 버전 콘셉트는 실제로 멤버들이 새벽에 하는 생각, 상상을 반영했다고 하며 ""엉뚱 발랄하지만 자신들만의 시각으로 세상을 바라보고 표현할 줄 아는, 무엇이든 될 수 있는 가능성과 잠재력을 지닌 그룹 아일릿의 이야기""에 주목해달라고 설명했다.엔하이픈과 연결되는 세계관은 별도로 있지 않다. 독자적인 아일릿만의 명확한 콘셉트가 있다는 기사"
34,https://namu.wiki/w/ILLIT,,https://namu.wiki/w/ILLIT,0,,,특징/실력,3.4.,실력,특징,해당 섹션에 대한 설명이 없거나 하위 문서로 대체됩니다.
35,https://namu.wiki/w/ILLIT,,https://namu.wiki/w/ILLIT,0,,,특징/실력/보컬,3.4.1.,보컬,특징/실력,"공식적인 포지션은 없으나 사실 상 민주가 노래 실력이 매우 뛰어나 메인보컬, 윤아가 카리스마 있는 실력으로 리드보컬, 모카, 원희, 이로하는 서브보컬로 구분된다.  모카는 특유의 귀여운 음색을 가지고 있고 약간의 비음으로 가벼운 음색을 표현한다, 원희는 노래할때 음색이 청순하고 아름다우며, 이로하는 비음이 없으며 귀여운 음색을 가지고 있다.  각 멤버의 유니크하고 매력적 음색과 톤이 매우 매력적이게 어우러져 다소 몽환적인 느낌이 들게 한다. "
36,https://namu.wiki/w/ILLIT,,https://namu.wiki/w/ILLIT,0,,,특징/실력/댄스,3.4.2.,댄스,특징/실력,"공식적인 포지션은 없지만, 모카와 이로하가 주요 댄스 포지션으로 구분된다.  이로하: 만 3세에 전문적인 춤을 추는 영상이 있을 정도로 어릴 적부터 춤 연습을 해왔으며, 파워풀하면서 정확한 춤선이 특징이다.  모카: 과거 댄스 크루원으로 활동했던 만큼 춤 실력이 뛰어나며, 춤선이 깔끔하고 정확하다. 표정연기로도 호평을 받았다.  모카와 이로하 이외에도 윤아와 민주도 긴 연습생 생활을 한 만큼 수준급의 춤 실력을 지녔다. 원희 또한 비교적 짧은 연습생 생활에도 불구하고 눈에 띄는 성장을 이루었다는 평가를 받았었다. "
37,https://namu.wiki/w/ILLIT,,https://namu.wiki/w/ILLIT,0,,,특징/실력/랩,3.4.3.,랩,특징/실력,해당 섹션에 대한 설명이 없거나 하위 문서로 대체됩니다.
38,https://namu.wiki/w/ILLIT,,https://namu.wiki/w/ILLIT,0,,,특징/비주얼,3.5.,비주얼,특징," 멤버들의 비주얼이 모두 독특하다. 멤버마다 있는 각자의 매력들이 적절하게 어우러져, 각양각색의 개성있는 외모로 한 팀을 이루고 있다.  윤아: ILLIT의 대표적인 '고양이'상. 새침한 듯 화려하면서도 맹수같은 외모.  민주: 청순하면서도 화려한 비주얼의 정석미인이자 고전미인이며, 배우상의 외모.  모카: 청순하고 귀여운 외모를 지녔으며, 알유넥스트 코치진들의 얘기로는 다양한 콘셉트에 다양하게 어울릴 수 있는 외모.  원희: 막내로 오해를 자주 받을 만큼 '귀염'상의 동글동글한 얼굴에 강아지 같은 덕후몰이상 외모.  이로하: 나른하고 신비로운 분위기에 귀여움과 예쁨이 섞여 특유의 꼬부기를 닮은 느낌이 나는 아이돌상 외모.  ,"
39,https://namu.wiki/w/ILLIT,,https://namu.wiki/w/ILLIT,0,,,특징/인기 및 기록,3.6.,인기 및 기록,특징,"K-POP 그룹 최초로 데뷔 전 모든 멤버가 해외 패션 위크에 초청받았다. ILLIT은 프랑스 파리에서 열린 '아크네 스튜디오 FW24 쇼'에서 해외 매체들의 인터뷰 요청을 받았다. 멤버들은 유창한 한국어와 영어, 일본어로 인터뷰에 응하며 첫 공식 석상임에도 프로페셔널한 면모를 보여 호평을 받았다.  [공식 기사] ‘하이브 막내딸’ 아일릿, 데뷔 전 파리 패션위크 초청.. K팝 최초.  걸그룹 데뷔 음반 초동 판매량 1위 기록을 달성했다.  데뷔 앨범 《SUPER REAL ME》로 Spotify 월간 리스너 수 1,000만 명을 달성했다.  데뷔 앨범 《SUPER REAL ME》로 미국 빌보드 글로벌 200 6위에 진입했다.  2024년 4월 21일, 데뷔곡 〈Magnetic〉이 K-POP 걸그룹 데뷔곡 최단 기간인 26일 만에 Spotify 1억 스트리밍을 돌파했다. 기사  걸그룹 최초로 데뷔곡으로 지상파와 케이블의 모든 음악 방송에서 1위를 수상했다. 모든 가수 및 아이돌 그룹을 통틀어서는 보이그룹 Wanna One의 데뷔곡 〈에너제틱 (Energetic)〉에 이은 역대 두 번째 달성이다.  데뷔곡 〈Magnetic〉이 K-POP 아티스트 데뷔곡 최초로 발매 3주 만에 미국 빌보드 핫 100 차트에 91위로 진입했다.  관련 기사들  '하이브 막내딸' 아일릿, 新 기록 제조기 보인다  숏폼을 타고 '잘파'세대에게 다가간 아일릿  초동 38만장·음원 톱10…아일릿, '핫 데뷔' 어떻게 가능했나 빌보드에서 6월의 신인에 선정되었다. 관련 자료 공식 기사 7월 신인 아이돌 브랜드 평판에서 '1위'를 차지하였다. 공식 기사 5월~6월 두달간 애플뮤직 글로벌 차트 케이팝 1위를 기록하였다. 공식 기사 일본 타워레코드 뮤직에서 2024년 상반기에 '신인 랭킹' 1위를 기록하였다. 공식 기사 데뷔곡 <Magnetic> 이 일본 노래방 차트에서 1위을 기록하였다. 공식 트위터"
40,https://namu.wiki/w/ILLIT,https://namu.wiki/w/ILLIT,https://namu.wiki/w/SUMMER%20MOON,1,3.7.,세계관,특징/세계관//PROFILE,0.,PROFILE,,"SUMMER MOON,,제작,HYBE OSB,링크, |  | ,"
41,https://namu.wiki/w/ILLIT,https://namu.wiki/w/ILLIT,https://namu.wiki/w/SUMMER%20MOON,1,3.7.,세계관,특징/세계관//개요,1.,개요,,ILLIT의 IP를 기반으로 한 오리지널 스토리 시리즈. HYBE에서 자체 기획하며 개발했다.
42,https://namu.wiki/w/ILLIT,https://namu.wiki/w/ILLIT,https://namu.wiki/w/SUMMER%20MOON,1,3.7.,세계관,특징/세계관//여담,2.,여담,,데뷔 앨범 수록곡 중 My World에 등장한 바가 있다.
43,https://namu.wiki/w/ILLIT,https://namu.wiki/w/ILLIT,https://namu.wiki/w/SUMMER%20MOON,1,3.7.,세계관,특징/세계관//FOOTNOTES,EOD.,FOOTNOTES,,
44,https://namu.wiki/w/ILLIT,https://namu.wiki/w/ILLIT,https://namu.wiki/w/ILLIT/%EC%9D%8C%EB%B0%98,1,4.,음반,음반//개요,1.,개요,,"걸그룹 ILLIT이 발매한 음반을 서술한 문서이다. ,,,,SUPER REAL ME미니 1집2024. 03. 25.,SUPER REAL ME (Sped Up)리믹스 EP2024. 04. 01.,Magnetic (Remixes)리믹스 싱글2024. 04. 19.,,"
45,https://namu.wiki/w/ILLIT,https://namu.wiki/w/ILLIT,https://namu.wiki/w/ILLIT/%EC%9D%8C%EB%B0%98,1,4.,음반,음반//국내 음반,2.,국내 음반,,해당 섹션에 대한 설명이 없거나 하위 문서로 대체됩니다.
46,https://namu.wiki/w/ILLIT,https://namu.wiki/w/ILLIT,https://namu.wiki/w/ILLIT/%EC%9D%8C%EB%B0%98,1,4.,음반,음반//국내 음반/EP,2.1.,EP,국내 음반,해당 섹션에 대한 설명이 없거나 하위 문서로 대체됩니다.
47,https://namu.wiki/w/ILLIT,https://namu.wiki/w/ILLIT,https://namu.wiki/w/ILLIT/%EC%9D%8C%EB%B0%98,1,4.,음반,음반//국내 음반/EP/미니 1집 《SUPER REAL ME》,2.1.1.,미니 1집 《SUPER REAL ME》,국내 음반/EP,다음 문서로 대체 설명: https://namu.wiki/w/SUPER%20REAL%20ME
48,https://namu.wiki/w/ILLIT,https://namu.wiki/w/ILLIT,https://namu.wiki/w/ILLIT/%EC%9D%8C%EB%B0%98,1,4.,음반,음반//국내 음반/리믹스,2.2.,리믹스,국내 음반,해당 섹션에 대한 설명이 없거나 하위 문서로 대체됩니다.
49,https://namu.wiki/w/ILLIT,https://namu.wiki/w/ILLIT,https://namu.wiki/w/ILLIT/%EC%9D%8C%EB%B0%98,1,4.,음반,음반//국내 음반/리믹스/리믹스 EP 《SUPER REAL ME (Sped Up)》,2.2.1.,리믹스 EP 《SUPER REAL ME (Sped Up)》,국내 음반/리믹스,다음 문서로 대체 설명: https://namu.wiki/w/SUPER%20REAL%20ME%20(Sped%20Up)
50,https://namu.wiki/w/ILLIT,https://namu.wiki/w/ILLIT,https://namu.wiki/w/ILLIT/%EC%9D%8C%EB%B0%98,1,4.,음반,음반//국내 음반/리믹스/리믹스 싱글 《Magnetic (Remixes)》,2.2.2.,리믹스 싱글 《Magnetic (Remixes)》,국내 음반/리믹스,다음 문서로 대체 설명: https://namu.wiki/w/Magnetic%20(Remixes)
51,https://namu.wiki/w/ILLIT,https://namu.wiki/w/ILLIT,https://namu.wiki/w/ILLIT/%EC%9D%8C%EB%B0%98,1,4.,음반,음반//FOOTNOTES,EOD.,FOOTNOTES,,
52,https://namu.wiki/w/ILLIT,,https://namu.wiki/w/ILLIT,0,,,뮤직비디오,5.,뮤직비디오,,"ILLIT 뮤직비디오 조회수(2024.07.11 23시 기준)★ 타이틀 곡,순위,곡/게시 일,조회수,음반,1,Magnetic ★ (2024년 3월 25일),116,564,485회(#fn-5; 첫 뮤직비디오 조회수 1억뷰 달성.)SUPER REAL ME미니 1집,2,Lucky Girl Syndrome (2024년 4월 17일),27,176,711회, ILLIT 뮤직비디오 조회수(2024.07.11 23시 기준)★ 타이틀 곡,순위,곡/게시 일,조회수,음반,1,Magnetic ★ (2024년 3월 25일),116,564,485회(#fn-5; 첫 뮤직비디오 조회수 1억뷰 달성.)SUPER REAL ME미니 1집,2,Lucky Girl Syndrome (2024년 4월 17일),27,176,711회,"
53,https://namu.wiki/w/ILLIT,https://namu.wiki/w/ILLIT,https://namu.wiki/w/ILLIT/%ED%99%9C%EB%8F%99,1,6.,활동,활동//개요,1.,개요,,"ILLIT의 활동을 정리한 문서이다.  2인 이상의 출연만 기록. 단독으로 출연한 목록은 멤버별 개별 문서에 기록해 주세요.,"
54,https://namu.wiki/w/ILLIT,https://namu.wiki/w/ILLIT,https://namu.wiki/w/ILLIT/%ED%99%9C%EB%8F%99,1,6.,활동,활동//데뷔 전,2.,데뷔 전,,"일자,활동,참고자료,비고,2023년,09.02,공식 SNS 개설,,,10.24,I'LL LIKE IT!,,첫 리얼리티,2024년,01.23,ILLIT Ready,,리얼리티,02.26,ILLIT,,ILLIT 로고, 브랜드 필름, 일자,활동,참고자료,비고,2023년,09.02,공식 SNS 개설,,,10.24,I'LL LIKE IT!,,첫 리얼리티,2024년,01.23,ILLIT Ready,,리얼리티,02.26,ILLIT,,ILLIT 로고, 브랜드 필름,"
55,https://namu.wiki/w/ILLIT,https://namu.wiki/w/ILLIT,https://namu.wiki/w/ILLIT/%ED%99%9C%EB%8F%99,1,6.,활동,활동//데뷔 후,3.,데뷔 후,,"날짜,활동,링크,비고,2024년,03.15~03.24(#fn-1; 세 번에 나눠서 응모 추첨을 받았다.)‘SUPER REAL ME’ LUCKY DRAW 이벤트 (일본),# #,(#fn-2; 운영 장소는 ILLIT Weverse Shop JAPAN, UNIVERSAL MUSIC STORE로 총 두 군데가 있다.)03.26~04.03,WEVERSE SHOP X 아일릿'SUPER REAL ME' STORE,#,(#fn-3; 운영 장소는 서울 서초구 신반포로 176, 신세계백화점 강남점 1층 센트럴시티 광장)(#fn-4; 팬 분들의 많은 관심과 참여로 인해 3월 31일까지 운영하려던 계획을 4월 3일까지 기간 연장하였다.연장 공지 )03.29~04.04,Official 후즈팬SUPER REAL ME 테마 카페,웰컴 메세지 # ,(#fn-5; 운영 장소는 서울특별시 중구 남대문로 67, 롯데백화점 영플라자 명동점 2층 후즈팬 카페)04.12~04.14(#fn-6; 오프라인 기준 날짜로, 각 매장에서 한정 수량 오프라인 럭키드로우 이벤트를 참여할 수 있다. 온라인은 4월 9일 한국 시간 기준 오전 10시부터 시작하여 각 구매처 포토카드가 다 소진될 때까지 운영된다.)‘SUPER REAL ME’ LUCKY DRAW 이벤트 (한국),# ,(#fn-7; 운영 장소는 총 네 군데가 있다.  서울시 영등포구 경인로 846, 사운드웨이브 롯데백화점 영등포점 2층 // 서울시 서대문구 신촌로 87-14, 엠투유레코드 신촌점 1층 // 부산시 부산진구 동천로 70, 파워스테이션 2층 // 서울특별시 마포구 양화로 193, 플레이덕 ITTA ZONE 지하 1층)04.21,OFFLINE FAN PARTY'SUPER REAL ILLIT',#,(#fn-8; 이벤트 장소는 대한민국 서울, (당첨자에게 추후 별도 안내 예정))05.01, 05.04,ILLIT 1st Mini Album ‘SUPER REAL ME’ 発売記念 오프라인 이벤트, # #,(#fn-9; 세 번에 나눠서 응모 추첨을 받았으며, 이벤트 장소와 시간은 2024년 5월 1일(수) 도쿄도내 17:00 스타트 예정, 2024년 5월 4일(토, 공휴일) 도쿄도내 12:00 스타트 예정)05.01~05.14,ILLIT | 첫 일본 방문 기념! 선착 「럭키 드로우 이벤트」,#,(#fn-10; 운영 장소는 타워 레코드, TOWERmini 전점, 타워 레코드 온라인 등이다.) 날짜,활동,링크,비고,2024년,03.15~03.24(#fn-1; 세 번에 나눠서 응모 추첨을 받았다.)‘SUPER REAL ME’ LUCKY DRAW 이벤트 (일본),# #,(#fn-2; 운영 장소는 ILLIT Weverse Shop JAPAN, UNIVERSAL MUSIC STORE로 총 두 군데가 있다.)03.26~04.03,WEVERSE SHOP X 아일릿'SUPER REAL ME' STORE,#,(#fn-3; 운영 장소는 서울 서초구 신반포로 176, 신세계백화점 강남점 1층 센트럴시티 광장)(#fn-4; 팬 분들의 많은 관심과 참여로 인해 3월 31일까지 운영하려던 계획을 4월 3일까지 기간 연장하였다.연장 공지 )03.29~04.04,Official 후즈팬SUPER REAL ME 테마 카페,웰컴 메세지 # ,(#fn-5; 운영 장소는 서울특별시 중구 남대문로 67, 롯데백화점 영플라자 명동점 2층 후즈팬 카페)04.12~04.14(#fn-6; 오프라인 기준 날짜로, 각 매장에서 한정 수량 오프라인 럭키드로우 이벤트를 참여할 수 있다. 온라인은 4월 9일 한국 시간 기준 오전 10시부터 시작하여 각 구매처 포토카드가 다 소진될 때까지 운영된다.)‘SUPER REAL ME’ LUCKY DRAW 이벤트 (한국),# ,(#fn-7; 운영 장소는 총 네 군데가 있다.  서울시 영등포구 경인로 846, 사운드웨이브 롯데백화점 영등포점 2층 // 서울시 서대문구 신촌로 87-14, 엠투유레코드 신촌점 1층 // 부산시 부산진구 동천로 70, 파워스테이션 2층 // 서울특별시 마포구 양화로 193, 플레이덕 ITTA ZONE 지하 1층)04.21,OFFLINE FAN PARTY'SUPER REAL ILLIT',#,(#fn-8; 이벤트 장소는 대한민국 서울, (당첨자에게 추후 별도 안내 예정))05.01, 05.04,ILLIT 1st Mini Album ‘SUPER REAL ME’ 発売記念 오프라인 이벤트, # #,(#fn-9; 세 번에 나눠서 응모 추첨을 받았으며, 이벤트 장소와 시간은 2024년 5월 1일(수) 도쿄도내 17:00 스타트 예정, 2024년 5월 4일(토, 공휴일) 도쿄도내 12:00 스타트 예정)05.01~05.14,ILLIT | 첫 일본 방문 기념! 선착 「럭키 드로우 이벤트」,#,(#fn-10; 운영 장소는 타워 레코드, TOWERmini 전점, 타워 레코드 온라인 등이다.)"
56,https://namu.wiki/w/ILLIT,https://namu.wiki/w/ILLIT,https://namu.wiki/w/ILLIT/%ED%99%9C%EB%8F%99,1,6.,활동,활동//방송 활동,4.,방송 활동,,해당 섹션에 대한 설명이 없거나 하위 문서로 대체됩니다.
57,https://namu.wiki/w/ILLIT,https://namu.wiki/w/ILLIT,https://namu.wiki/w/ILLIT/%ED%99%9C%EB%8F%99,1,6.,활동,활동//방송 활동/TV 방송,4.1.,TV 방송,방송 활동,"2024년 4월 14일 오후 6시10분 방송되는KBS 2TV예능 ‘1박 2일 시즌4’(이하 ‘1박 2일’)에서나인우가ILLIT의 '뮤직뱅크' 대기실에 방문해(#fn-11; 여기서 미션은 원희와 셀카 찍기였다.)신곡 '마그네틱'의 포인트 안무를 배우는 시간을 가졌다.해당 기사해당 방영 부분 날짜,방송사,프로그램,출연 멤버,비고,2024년,03.27 ,,주간 아이돌,전원, 하이라이트 선공개 사진,04.09 ,,After School Club Can’t help but be drawn to the super ‘Magnetic’ ILLIT! _Ep.621,전원,선공개 풀버전 직캠1 직캠2 비하인드1 비하인드2  비하인드3,04.14 ,,「世界の果てまでイッテQ！」 세상 끝까지 가보자Q!,전원,방영부분,04.26 ,,편스토랑,윤아, 원희, 모카,방영부분1 방영부분2 ,04.28 ,,열린음악회,전원,마그네틱 럭키걸 무대모음,05.03 ,,zip tv,전원,방영부분 공트,,스포츠 & 엔터테인먼트 - 스폰터,전원,공트,05.04 ,,메자마시 도요비 엔터테인먼트,전원,공트,05.09 ,,일본방송 DayDay,전원,공트 방영부분,05.11 ,,일본 tv계 음악방송 with music,전원,공트1 공트2  방영부분1 방영부분2,05.24 ,,일본 tv계 버즈 리듬 02,전원,공트  방영부분,05.25 ,,아는형님,전원,예고편 선공개1 선공개2  하이라이트1 하이라이트2  하이라이트3,06.08 ,,Venue101,전원,방영부분1 방영부분2   공트1 공트2 공트3,06.10 ,,톡파원 25시,민주, 모카,예고편 선공개,,메자마시TV Magnetic 생 퍼포먼스,전원,공트 방영부분 인터뷰  방영부분(번역) 마그네틱,06.11 ,,Venue101,전원,공트 방영부분,06.12 ,,Venue101,전원,공트 방영부분,06.14 ,,도쿄FM,전원,방영부분 공트,06.17 ,,CDTV라이브!,전원,공트1 1차 라인업   방영부분1 방영부분2  공트2 공트3 공트4,06.18 ,,K-POP HOUSE,전원,공트,06.24 ,,zip tv,전원,방영부분 공트1 공트2  공트3  ,07.01 ,,CDTV 라이브!라이브! 2시간 반 스페셜,전원,공트1 공트2  소개+무대영상 ,07.06 ,,THE MUSIC DAY 2024,전원,공트1 공트2 공트3 공트4  공트5 공트6 공트7 공트8  무대영상 인터뷰,08.22 ,,NHK MUSIC EXPO 2024,전원, 공트1 공트2,"
58,https://namu.wiki/w/ILLIT,https://namu.wiki/w/ILLIT,https://namu.wiki/w/ILLIT/%ED%99%9C%EB%8F%99,1,6.,활동,활동//방송 활동/라디오,4.2.,라디오,방송 활동," 날짜,방송사,프로그램,출연 멤버,비고,2024년,03.26,,,전원,풀버전 Live 비하인드,04.02,,,풀버전 Live 비하인드1 비하인드2 ,04.24,,,윤아, 민주, 모카, 원희,풀버전,04.27,,,윤아, 민주, 모카,목소리만 나옴,04.29,,IDOL RADIO,전원,풀버전 Live 챌린지,06.08 ,,'후루이에 마사토루 K TRACKS' 닛폰방송,전원,방영부분,06.09 ,,'후루이에 마사토루 K TRACKS' 시코쿠방송,"
59,https://namu.wiki/w/ILLIT,https://namu.wiki/w/ILLIT,https://namu.wiki/w/ILLIT/%ED%99%9C%EB%8F%99,1,6.,활동,활동//음악 방송,5.,음악 방송,,해당 섹션에 대한 설명이 없거나 하위 문서로 대체됩니다.
60,https://namu.wiki/w/ILLIT,https://namu.wiki/w/ILLIT,https://namu.wiki/w/ILLIT/%ED%99%9C%EB%8F%99,1,6.,활동,활동//음악 방송/무대영상,5.1.,무대영상,음악 방송,"1주차,2024. 03. 28.,,,My World, ,Magnetic, ,2024. 03. 29.,,,My World, ,Magnetic, ,2024. 03. 30.,,,My world, ,Magnetic, ,2024. 03. 31.,, ,My World, ,Magnetic, ,2주차,2024. 04. 02.,,,My World, ,Magnetic, ,2024. 04. 03.,, ,My World, ,Magnetic, ,2024. 04. 04.,,, ,2024. 04. 05.,,, ,2024. 04. 06.,,, ,2024. 04. 07.,,, ,3주차,2024. 04. 09.,,,Magnetic, ,2024. 04. 10.,, , ,2024. 04. 11.,,, ,2024. 04. 12.,,, ,2024. 04. 13.,,, ,2024. 04. 14.,,, ,4주차,2024. 04. 18.,,,Lucky Girl Syndrome, ,2024. 04. 20.,,, ,2024. 04. 21.,,, ,5주차,2024. 04. 23.,,,Lucky Girl Syndrome, ,2024. 04. 24.,,, ,2024. 04. 26.,,, ,"
61,https://namu.wiki/w/ILLIT,https://namu.wiki/w/ILLIT,https://namu.wiki/w/ILLIT/%ED%99%9C%EB%8F%99,1,6.,활동,활동//음악 방송/직캠,5.2.,직캠,음악 방송,ILLIT 음악 방송 직캠 문서 모아보기 틀ILLIT/음악 방송 직캠윤아/직캠민주/직캠모카/직캠원희/직캠이로하/직캠    자세한 내용은 ILLIT/음악 방송 직캠 문서를의 번 문단을의  부분을 참고하십시오. 
62,https://namu.wiki/w/ILLIT,https://namu.wiki/w/ILLIT,https://namu.wiki/w/ILLIT/%ED%99%9C%EB%8F%99,1,6.,활동,활동//콘텐츠,6.,콘텐츠,,다음 문서로 대체 설명: https://namu.wiki/w/ILLIT/%EC%BD%98%ED%85%90%EC%B8%A0
63,https://namu.wiki/w/ILLIT,https://namu.wiki/w/ILLIT,https://namu.wiki/w/ILLIT/%ED%99%9C%EB%8F%99,1,6.,활동,활동//콘텐츠/Weverse,6.1.,Weverse,콘텐츠,다음 문서로 대체 설명: https://namu.wiki/w/ILLIT/Weverse
64,https://namu.wiki/w/ILLIT,https://namu.wiki/w/ILLIT,https://namu.wiki/w/ILLIT/%ED%99%9C%EB%8F%99,1,6.,활동,활동//콘텐츠/숏폼,6.2.,숏폼,콘텐츠,다음 문서로 대체 설명: https://namu.wiki/w/ILLIT/%EC%88%8F%ED%8F%BC
65,https://namu.wiki/w/ILLIT,https://namu.wiki/w/ILLIT,https://namu.wiki/w/ILLIT/%ED%99%9C%EB%8F%99,1,6.,활동,활동//공연 및 행사,7.,공연 및 행사,,다음 문서로 대체 설명: https://namu.wiki/w/ILLIT/%EA%B3%B5%EC%97%B0%20%EB%B0%8F%20%ED%96%89%EC%82%AC
66,https://namu.wiki/w/ILLIT,https://namu.wiki/w/ILLIT,https://namu.wiki/w/ILLIT/%ED%99%9C%EB%8F%99,1,6.,활동,활동//광고 및 화보,8.,광고 및 화보,,다음 문서로 대체 설명: https://namu.wiki/w/ILLIT/%EA%B4%91%EA%B3%A0%20%EB%B0%8F%20%ED%99%94%EB%B3%B4
67,https://namu.wiki/w/ILLIT,https://namu.wiki/w/ILLIT,https://namu.wiki/w/ILLIT/%ED%99%9C%EB%8F%99,1,6.,활동,활동//FOOTNOTES,EOD.,FOOTNOTES,,"[1] 세 번에 나눠서 응모 추첨을 받았다.[2] 운영 장소는 ILLIT Weverse Shop JAPAN, UNIVERSAL MUSIC STORE로 총 두 군데가 있다.[3] 운영 장소는 서울 서초구 신반포로 176, 신세계백화점 강남점 1층 센트럴시티 광장[4] 팬 분들의 많은 관심과 참여로 인해 3월 31일까지 운영하려던 계획을 4월 3일까지 기간 연장하였다.연장 공지 [5] 운영 장소는 서울특별시 중구 남대문로 67, 롯데백화점 영플라자 명동점 2층 후즈팬 카페[6] 오프라인 기준 날짜로, 각 매장에서 한정 수량 오프라인 럭키드로우 이벤트를 참여할 수 있다. 온라인은 4월 9일 한국 시간 기준 오전 10시부터 시작하여 각 구매처 포토카드가 다 소진될 때까지 운영된다.[7] 운영 장소는 총 네 군데가 있다.  서울시 영등포구 경인로 846, 사운드웨이브 롯데백화점 영등포점 2층 // 서울시 서대문구 신촌로 87-14, 엠투유레코드 신촌점 1층 // 부산시 부산진구 동천로 70, 파워스테이션 2층 // 서울특별시 마포구 양화로 193, 플레이덕 ITTA ZONE 지하 1층[8] 이벤트 장소는 대한민국 서울, (당첨자에게 추후 별도 안내 예정)[9] 세 번에 나눠서 응모 추첨을 받았으며, 이벤트 장소와 시간은 2024년 5월 1일(수) 도쿄도내 17:00 스타트 예정, 2024년 5월 4일(토, 공휴일) 도쿄도내 12:00 스타트 예정[10] 운영 장소는 타워 레코드, TOWERmini 전점, 타워 레코드 온라인 등이다.[11] 여기서 미션은 원희와 셀카 찍기였다."
68,https://namu.wiki/w/ILLIT,https://namu.wiki/w/ILLIT,https://namu.wiki/w/ILLIT/%EC%9D%8C%EC%95%85%20%EB%B0%A9%EC%86%A1%20%EC%A7%81%EC%BA%A0,1,6.1.,음악 방송 직캠,활동/음악 방송 직캠//개요,1.,개요,,대한민국 5인조 걸그룹 ILLIT의 역대 활동별 직캠 영상을 모아놓은 문서.
69,https://namu.wiki/w/ILLIT,https://namu.wiki/w/ILLIT,https://namu.wiki/w/ILLIT/%EC%9D%8C%EC%95%85%20%EB%B0%A9%EC%86%A1%20%EC%A7%81%EC%BA%A0,1,6.1.,음악 방송 직캠,활동/음악 방송 직캠//직캠 영상,2.,직캠 영상,,해당 섹션에 대한 설명이 없거나 하위 문서로 대체됩니다.
70,https://namu.wiki/w/ILLIT,https://namu.wiki/w/ILLIT,https://namu.wiki/w/ILLIT/%EC%9D%8C%EC%95%85%20%EB%B0%A9%EC%86%A1%20%EC%A7%81%EC%BA%A0,1,6.1.,음악 방송 직캠,활동/음악 방송 직캠//직캠 영상/미니 1집 《SUPER REAL ME》 (2024. 03. 25.),2.1.,미니 1집 《SUPER REAL ME》 (2024. 03. 25.),직캠 영상," 곡 제목,썸네일 이미지,음악 방송,링크,TITLEMagnetic,,,2024.03. 28.,My World,,2024.03. 28.,TITLEMagnetic,,,2024.03. 29.,,2024.03. 29.,My World,,2024.03. 29.,,,2024.03. 30.,TITLEMagnetic,,2024.03. 30.,,,2024.03. 31.,,2024.03. 31.,,2024.03. 31.,My World,,2024.03. 31.,,,2024.04. 03.,TITLEMagnetic,,2024.04. 03.,,,2024.04. 04.,,,2024.04. 05.,,,2024.04. 06.,,,2024.04. 07.,,,2024.04. 10.,,,2024.04. 11.,,,2024.04. 12.,,,2024.04. 13.,,2024.04. 13.,,,2024.04. 14.,,,2024.04. 18.,Lucky Girl Syndrome,,2024.04. 18.,,,2024.04. 20.,TITLEMagnetic,,2024.04. 20.,,,2024.04. 20.,Lucky Girl Syndrome,,2024.04. 21.,,,2024.04. 24.,,,2024.04. 26.,,2024.04. 26.,"
71,https://namu.wiki/w/ILLIT,https://namu.wiki/w/ILLIT,https://namu.wiki/w/ILLIT/%EC%9D%8C%EC%95%85%20%EB%B0%A9%EC%86%A1%20%EC%A7%81%EC%BA%A0,1,6.1.,음악 방송 직캠,활동/음악 방송 직캠//직캠 영상/기타,2.2.,기타,직캠 영상,해당 섹션에 대한 설명이 없거나 하위 문서로 대체됩니다.
72,https://namu.wiki/w/ILLIT,https://namu.wiki/w/ILLIT,https://namu.wiki/w/ILLIT/%EC%9D%8C%EC%95%85%20%EB%B0%A9%EC%86%A1%20%EC%A7%81%EC%BA%A0,1,6.1.,음악 방송 직캠,활동/음악 방송 직캠//직캠 영상/기타/2024년,2.2.1.,2024년,직캠 영상/기타,"곡 제목,썸네일 이미지,방송 및콘텐츠,링크,TITLEMagnetic,,ILLIT : I'LL (SHOW) IT,2024.03. 25.,My World,,2024.03. 25.,TITLEMagnetic,,,2024.03. 27.,,2024.03. 27.,,,2024.04. 01.,INTRO+TITLEMagnetic,,K-WAVE Concert 인기가요,2024.06. 09.,"
73,https://namu.wiki/w/ILLIT,https://namu.wiki/w/ILLIT,https://namu.wiki/w/ILLIT/%EC%9D%8C%EC%95%85%20%EB%B0%A9%EC%86%A1%20%EC%A7%81%EC%BA%A0,1,6.1.,음악 방송 직캠,활동/음악 방송 직캠//FOOTNOTES,EOD.,FOOTNOTES,,
74,https://namu.wiki/w/ILLIT,https://namu.wiki/w/ILLIT,https://namu.wiki/w/ILLIT/%EC%BD%98%ED%85%90%EC%B8%A0,1,6.2.,콘텐츠,활동/콘텐츠//개요,1.,개요,,ILLIT의 콘텐츠에 대해 정리한 문서.
75,https://namu.wiki/w/ILLIT,https://namu.wiki/w/ILLIT,https://namu.wiki/w/ILLIT/%EC%BD%98%ED%85%90%EC%B8%A0,1,6.2.,콘텐츠,활동/콘텐츠//리얼리티,2.,리얼리티,,해당 섹션에 대한 설명이 없거나 하위 문서로 대체됩니다.
76,https://namu.wiki/w/ILLIT,https://namu.wiki/w/ILLIT,https://namu.wiki/w/ILLIT/%EC%BD%98%ED%85%90%EC%B8%A0,1,6.2.,콘텐츠,활동/콘텐츠//리얼리티/I’LL LIKE IT!,2.1.,I’LL LIKE IT!,리얼리티,"일자,제목,링크,2023년,10.10,1st TEASER,,10.17,2nd TEASER,,10.24,EP.1 I’LL-IT, 첫 숙소 입성하는 날♬,,10.31,EP.2 I’LL-IT, 제주 여행 전속력으로!,,11.07,EP.3 I’LL-IT? 아니죠 오늘은 I’LL-EAT!,,11.14,EP.4 큰 거 왔다ㄷㄷ 초블록(?)버스터 미션 대작전,,11.21,EP.5 감성 FLEX 데이! 여기부터 저기까지 다~ 주세요,,11.28,EP.6 여행 마지막 날! (축) 야간 수영장 개장 (하),,12.08,BEHIND 촬영 후 남은 음식은 아일릿이 맛있게 먹었습니다 ^^ | 본격 제주도 먹부림,, 일자,제목,링크,2023년,10.10,1st TEASER,,10.17,2nd TEASER,,10.24,EP.1 I’LL-IT, 첫 숙소 입성하는 날♬,,10.31,EP.2 I’LL-IT, 제주 여행 전속력으로!,,11.07,EP.3 I’LL-IT? 아니죠 오늘은 I’LL-EAT!,,11.14,EP.4 큰 거 왔다ㄷㄷ 초블록(?)버스터 미션 대작전,,11.21,EP.5 감성 FLEX 데이! 여기부터 저기까지 다~ 주세요,,11.28,EP.6 여행 마지막 날! (축) 야간 수영장 개장 (하),,12.08,BEHIND 촬영 후 남은 음식은 아일릿이 맛있게 먹었습니다 ^^ | 본격 제주도 먹부림,,"
77,https://namu.wiki/w/ILLIT,https://namu.wiki/w/ILLIT,https://namu.wiki/w/ILLIT/%EC%BD%98%ED%85%90%EC%B8%A0,1,6.2.,콘텐츠,활동/콘텐츠//리얼리티/ILLIT READY,2.2.,ILLIT READY,리얼리티,"일자,제목,링크,2024년,01.16,TEASER,,01.23,EP.1 준비 됐나요?,,01.30,EP.2 ILLIT 자유시간에 진심인 편,,02.06,EP.3 첫 홈 파티 Ready!,,02.13,EP.4 우린 준비완료!,,02.20,'ILLIT Ready' To. ILLIT From. ILLIT,, 일자,제목,링크,2024년,01.16,TEASER,,01.23,EP.1 준비 됐나요?,,01.30,EP.2 ILLIT 자유시간에 진심인 편,,02.06,EP.3 첫 홈 파티 Ready!,,02.13,EP.4 우린 준비완료!,,02.20,'ILLIT Ready' To. ILLIT From. ILLIT,,"
78,https://namu.wiki/w/ILLIT,https://namu.wiki/w/ILLIT,https://namu.wiki/w/ILLIT/%EC%BD%98%ED%85%90%EC%B8%A0,1,6.2.,콘텐츠,활동/콘텐츠//공식채널,3.,공식채널,,해당 섹션에 대한 설명이 없거나 하위 문서로 대체됩니다.
79,https://namu.wiki/w/ILLIT,https://namu.wiki/w/ILLIT,https://namu.wiki/w/ILLIT/%EC%BD%98%ED%85%90%EC%B8%A0,1,6.2.,콘텐츠,활동/콘텐츠//공식채널/데뷔 전,3.1.,데뷔 전,공식채널,"일자,제목,출연,링크,2023년,09.02,I'll MAKE it, I’LL-IT의 기록,윤아,,09.03,민주,,09.04,모카,,09.06,원희,,09.07,이로하,,09.13,Our New Profile📸,전원,,09.20,신박한 인생네컷 대결 신청합니다 컴온ㅎ | 광기의 네컷사진 타임,,09.22,50문 50답,윤아,,09.23 ,민주,,09.24,모카,,09.26,원희,,09.27,이로하,,09.28,추석 기대작 | 송편 : 손의 무빙 | 기묘한 추석 브이로그,전원,,09.22,데뷔 버킷리스트,윤아,,09.23 ,민주,,09.24,모카,,09.26,원희,,09.27,이로하,,12.24,내가 사랑한 모든 겨울 노래에게 | 겨울 노래(?)에 진심인 여자들의 겨울 노래 발표회 | 반박할 거 찾느라 힘들었다….,전원,,2024년,02.09,Happy Seollal 🤍 아일릿(I’LL-IT) 첫 설날 인사,전원,, 일자,제목,출연,링크,2023년,09.02,I'll MAKE it, I’LL-IT의 기록,윤아,,09.03,민주,,09.04,모카,,09.06,원희,,09.07,이로하,,09.13,Our New Profile📸,전원,,09.20,신박한 인생네컷 대결 신청합니다 컴온ㅎ | 광기의 네컷사진 타임,,09.22,50문 50답,윤아,,09.23 ,민주,,09.24,모카,,09.26,원희,,09.27,이로하,,09.28,추석 기대작 | 송편 : 손의 무빙 | 기묘한 추석 브이로그,전원,,09.22,데뷔 버킷리스트,윤아,,09.23 ,민주,,09.24,모카,,09.26,원희,,09.27,이로하,,12.24,내가 사랑한 모든 겨울 노래에게 | 겨울 노래(?)에 진심인 여자들의 겨울 노래 발표회 | 반박할 거 찾느라 힘들었다….,전원,,2024년,02.09,Happy Seollal 🤍 아일릿(I’LL-IT) 첫 설날 인사,전원,,"
80,https://namu.wiki/w/ILLIT,https://namu.wiki/w/ILLIT,https://namu.wiki/w/ILLIT/%EC%BD%98%ED%85%90%EC%B8%A0,1,6.2.,콘텐츠,활동/콘텐츠//공식채널/BESIDE-IT,3.2.,BESIDE-IT,공식채널,"일자,제목,링크,2023년,12.12,밈을 삼킨 아일릿 | 촬영장에서 펼쳐진 자아도취 퍼레이드,,12.14,이러시는 이유가 있을거 아니에요… | 전지적 옷걸이 시점 체험기 (feat.400만 달러 예술작품),,2024년,01.14,슬릭백 유형 | 한 마리의 무당벌레처럼..🐞,,03.29,폐호텔에서 공포 체험하다가 거울 셀카 찍는 아이돌,,05.01,이게 그 유명한 인기가요 하트뻥튀기? | 인기가요 매점 방문기,,05.10,촬영 중 몰래 ASMR 하기 | 아일릿이 쉬는 시간에 노는 방법,,05.23,길거리 캐스팅 된 날 일기 공개? | 원희의 What’s In My Bag👜,,06.24,진짜 MC가 되는 그 날까지 조금만 기다려~✋🏻 | 이로하 음방 MC 맛보기(?),, 일자,제목,링크,2023년,12.12,밈을 삼킨 아일릿 | 촬영장에서 펼쳐진 자아도취 퍼레이드,,12.14,이러시는 이유가 있을거 아니에요… | 전지적 옷걸이 시점 체험기 (feat.400만 달러 예술작품),,2024년,01.14,슬릭백 유형 | 한 마리의 무당벌레처럼..🐞,,03.29,폐호텔에서 공포 체험하다가 거울 셀카 찍는 아이돌,,05.01,이게 그 유명한 인기가요 하트뻥튀기? | 인기가요 매점 방문기,,05.10,촬영 중 몰래 ASMR 하기 | 아일릿이 쉬는 시간에 노는 방법,,05.23,길거리 캐스팅 된 날 일기 공개? | 원희의 What’s In My Bag👜,,06.24,진짜 MC가 되는 그 날까지 조금만 기다려~✋🏻 | 이로하 음방 MC 맛보기(?),,"
81,https://namu.wiki/w/ILLIT,https://namu.wiki/w/ILLIT,https://namu.wiki/w/ILLIT/%EC%BD%98%ED%85%90%EC%B8%A0,1,6.2.,콘텐츠,활동/콘텐츠//공식채널/BEHIND-IT,3.3.,BEHIND-IT,공식채널,"일자,제목,링크,2024년,03.05,새학기 컨셉 추천ᴖ ̫ᴖ | ‘SUPER REAL ME’ Brand Film Shoot Sketch,,03.09,아일릿 지금부터 시작👉👉| ‘SUPER REAL ME’ Concept Photoshoot Sketch,,03.17,나 오늘 슈퍼 리얼 예쁜데? | SUPER REAL ME Film & Logo Film Shoot Sketch ,,03.27,아일릿 얼굴엔 슈퍼 리얼 감동이 있어요 | ‘Magnetic’ MV Shoot Sketch,,04.03,첫 화보 슈퍼 리얼 잘 찍어도 되는 거임? 아일릿도? | ‘ELLE’ 화보 촬영 비하인드,,04.09,궁금한 이야기 KT Y, 그리고 아일릿 | KT Y 광고 촬영 비하인드,,04.17,데뷔 일주일 차 갓기 아일릿의 음악 방송 탐험기 | 음악 방송 비하인드 EP.01,,04.20,럭키걸 모임에 온 걸 환영해🥳댓글에 소원 적으면 이뤄짐 | ‘Lucky Girl Syndrome’ MV Shoot Sketch,,04.27,팝업 스토어에서 최애를 만날 확률은?..🎰일일 안내요원=아일릿 | 위버스샵 X 아일릿 스토어 비하인드,,05.15,눈물의 Magnetic 첫 1위🏆| 음방 MC 도전기 | 음악 방송 비하인드 EP.02,,05.25,신인 아이돌이 첫 예능을 대하는 자세 | 데뷔 전 예능 출연기 | ‘신상출시 편스토랑’ 촬영 비하인드,,05.29,슈퍼 리얼 막방이라고요? 럭키걸들 못 잃어…🍀| 설렘이 차오르는 미니 팬미팅 | 음악 방송 비하인드 EP.03,,06.05,마그네틱 챌린지 모음.Zip📁| 미니1집 ‘SUPER REAL ME’ 챌린지 비하인드,,06.29,첫 일본 활동 팡파레 불면서 크게 시작 | Rakuten GirlsAward 2024 S/S & KCON JAPAN 2024 비하인드,,07.02,에너지 드리러 갔다가 오히려 받고 왔어요👍🏻 | 2024 대학 축제 비하인드,,07.17,첫 무대 찢고 옴 | 너무 떨렸던 대선배님과의 합동 무대 | 알리익스프레스 2024 위버스콘 페스티벌 비하인드,, 일자,제목,링크,2024년,03.05,새학기 컨셉 추천ᴖ ̫ᴖ | ‘SUPER REAL ME’ Brand Film Shoot Sketch,,03.09,아일릿 지금부터 시작👉👉| ‘SUPER REAL ME’ Concept Photoshoot Sketch,,03.17,나 오늘 슈퍼 리얼 예쁜데? | SUPER REAL ME Film & Logo Film Shoot Sketch ,,03.27,아일릿 얼굴엔 슈퍼 리얼 감동이 있어요 | ‘Magnetic’ MV Shoot Sketch,,04.03,첫 화보 슈퍼 리얼 잘 찍어도 되는 거임? 아일릿도? | ‘ELLE’ 화보 촬영 비하인드,,04.09,궁금한 이야기 KT Y, 그리고 아일릿 | KT Y 광고 촬영 비하인드,,04.17,데뷔 일주일 차 갓기 아일릿의 음악 방송 탐험기 | 음악 방송 비하인드 EP.01,,04.20,럭키걸 모임에 온 걸 환영해🥳댓글에 소원 적으면 이뤄짐 | ‘Lucky Girl Syndrome’ MV Shoot Sketch,,04.27,팝업 스토어에서 최애를 만날 확률은?..🎰일일 안내요원=아일릿 | 위버스샵 X 아일릿 스토어 비하인드,,05.15,눈물의 Magnetic 첫 1위🏆| 음방 MC 도전기 | 음악 방송 비하인드 EP.02,,05.25,신인 아이돌이 첫 예능을 대하는 자세 | 데뷔 전 예능 출연기 | ‘신상출시 편스토랑’ 촬영 비하인드,,05.29,슈퍼 리얼 막방이라고요? 럭키걸들 못 잃어…🍀| 설렘이 차오르는 미니 팬미팅 | 음악 방송 비하인드 EP.03,,06.05,마그네틱 챌린지 모음.Zip📁| 미니1집 ‘SUPER REAL ME’ 챌린지 비하인드,,06.29,첫 일본 활동 팡파레 불면서 크게 시작 | Rakuten GirlsAward 2024 S/S & KCON JAPAN 2024 비하인드,,07.02,에너지 드리러 갔다가 오히려 받고 왔어요👍🏻 | 2024 대학 축제 비하인드,,07.17,첫 무대 찢고 옴 | 너무 떨렸던 대선배님과의 합동 무대 | 알리익스프레스 2024 위버스콘 페스티벌 비하인드,,"
82,https://namu.wiki/w/ILLIT,https://namu.wiki/w/ILLIT,https://namu.wiki/w/ILLIT/%EC%BD%98%ED%85%90%EC%B8%A0,1,6.2.,콘텐츠,활동/콘텐츠//공식채널/LOG-IT,3.4.,LOG-IT,공식채널,"일자,제목,링크,2024년,04.23,첫 해외 여행에서 체크인 실패..?😱| 아크네 스튜디오 캠페인 촬영 | 혼돈의 짐싸기, 아크네 스튜디오 선물 언박싱 | 런던 브이로그,,06.08,걸어서 프랑스 파리 속으로🏃🏻‍♀️‍➡️ | 몽마르뜨 공원 피크닉 | 달팽이 요리 첫 도전 | 리틀 파리🇫🇷 서래마을 브이로그,,06.28,지옥에서 온 초코 휘낭시에..!?☠️ | 근데 먹어본 것 중에 제일 맛있음 | 왕초보 기본 레시피 | 홈베이킹 브이로그,, 일자,제목,링크,2024년,04.23,첫 해외 여행에서 체크인 실패..?😱| 아크네 스튜디오 캠페인 촬영 | 혼돈의 짐싸기, 아크네 스튜디오 선물 언박싱 | 런던 브이로그,,06.08,걸어서 프랑스 파리 속으로🏃🏻‍♀️‍➡️ | 몽마르뜨 공원 피크닉 | 달팽이 요리 첫 도전 | 리틀 파리🇫🇷 서래마을 브이로그,,06.28,지옥에서 온 초코 휘낭시에..!?☠️ | 근데 먹어본 것 중에 제일 맛있음 | 왕초보 기본 레시피 | 홈베이킹 브이로그,,"
83,https://namu.wiki/w/ILLIT,https://namu.wiki/w/ILLIT,https://namu.wiki/w/ILLIT/%EC%BD%98%ED%85%90%EC%B8%A0,1,6.2.,콘텐츠,활동/콘텐츠//공식채널/10분 논쟁,3.5.,10분 논쟁,공식채널,"일자,제목,링크,2024년,04.08,넌 J 난 완전 P 서로를 이해 못 함 영원히 | 10분 논쟁 EP.01,,04.15,비오면 한강 물 💩색 | 여행갈 때 완벽한 날씨 vs 완벽한 교통 | 10분 논쟁 EP.02,,05.08,생각만 해도 열받음 | 방 불 꺼달라고 부르는 혈육 vs 아껴둔 간식 몰래 먹는 혈육 | 10분 논쟁 EP.03,, 일자,제목,링크,2024년,04.08,넌 J 난 완전 P 서로를 이해 못 함 영원히 | 10분 논쟁 EP.01,,04.15,비오면 한강 물 💩색 | 여행갈 때 완벽한 날씨 vs 완벽한 교통 | 10분 논쟁 EP.02,,05.08,생각만 해도 열받음 | 방 불 꺼달라고 부르는 혈육 vs 아껴둔 간식 몰래 먹는 혈육 | 10분 논쟁 EP.03,,"
84,https://namu.wiki/w/ILLIT,https://namu.wiki/w/ILLIT,https://namu.wiki/w/ILLIT/%EC%BD%98%ED%85%90%EC%B8%A0,1,6.2.,콘텐츠,활동/콘텐츠//공식채널/SUPER REAL ME ILLIT,3.6.,SUPER REAL ME ILLIT,공식채널,"일자,제목,링크,2024년,06.17,눈물로 중단된 데뷔 최종 점검 | 'SUPER REAL ILLIT' TEASER 1,,데뷔 전 아일릿의 연습 마무리 루틴 | ‘SUPER REAL ILLIT’ TEASER 2,,06.18,데뷔, 꿈에서 현실로 | 데뷔 앨범 제작기 | ‘SUPER REAL ILLIT’ EP.01,,06.20,더 잘 해내고 싶어서 답답해요 | 데뷔 앨범 제작기 | ‘SUPER REAL ILLIT’ EP.02,,06.22,우리의 ‘Magnetic’을 보여줄 차례 | 데뷔 앨범 제작기 | ILLIT (아일릿) ‘SUPER REAL ILLIT’ EP.03,, 일자,제목,링크,2024년,06.17,눈물로 중단된 데뷔 최종 점검 | 'SUPER REAL ILLIT' TEASER 1,,데뷔 전 아일릿의 연습 마무리 루틴 | ‘SUPER REAL ILLIT’ TEASER 2,,06.18,데뷔, 꿈에서 현실로 | 데뷔 앨범 제작기 | ‘SUPER REAL ILLIT’ EP.01,,06.20,더 잘 해내고 싶어서 답답해요 | 데뷔 앨범 제작기 | ‘SUPER REAL ILLIT’ EP.02,,06.22,우리의 ‘Magnetic’을 보여줄 차례 | 데뷔 앨범 제작기 | ILLIT (아일릿) ‘SUPER REAL ILLIT’ EP.03,,"
85,https://namu.wiki/w/ILLIT,https://namu.wiki/w/ILLIT,https://namu.wiki/w/ILLIT/%EC%BD%98%ED%85%90%EC%B8%A0,1,6.2.,콘텐츠,활동/콘텐츠//공식채널/SUPER ILLIT,3.7.,SUPER ILLIT,공식채널,"일자,제목,링크,2024년,06.24,‘SUPER ILLIT’ TEASER,,07.01,[SUPER ILLIT] EP.1 PART.1 완벽한 예능짱이 되는 방법,,07.08,[SUPER ILLIT] EP.2 PART.2 완벽한 예능짱이 되는 방법,,07.10,[SUPER ILLIT] ‘SUPER ILLIT’ EP.1~2 비하인드,, 일자,제목,링크,2024년,06.24,‘SUPER ILLIT’ TEASER,,07.01,[SUPER ILLIT] EP.1 PART.1 완벽한 예능짱이 되는 방법,,07.08,[SUPER ILLIT] EP.2 PART.2 완벽한 예능짱이 되는 방법,,07.10,[SUPER ILLIT] ‘SUPER ILLIT’ EP.1~2 비하인드,,"
86,https://namu.wiki/w/ILLIT,https://namu.wiki/w/ILLIT,https://namu.wiki/w/ILLIT/%EC%BD%98%ED%85%90%EC%B8%A0,1,6.2.,콘텐츠,활동/콘텐츠//공식채널/기타,3.8.,기타,공식채널,"일자,제목,링크,2024년,05.20,KCON JAPAN 2024 ‘What is Love?’ Dance Practice (원곡: TWICE),,06.13,코덕 원희의 뽀용한 페스티벌 메이크업 GRWM,,07.08,ILLIT(아일릿) 'Magnetic' Stage Cam @ AliExpress 2024 Weverse Con Festival,, 일자,제목,링크,2024년,05.20,KCON JAPAN 2024 ‘What is Love?’ Dance Practice (원곡: TWICE),,06.13,코덕 원희의 뽀용한 페스티벌 메이크업 GRWM,,07.08,ILLIT(아일릿) 'Magnetic' Stage Cam @ AliExpress 2024 Weverse Con Festival,,"
87,https://namu.wiki/w/ILLIT,https://namu.wiki/w/ILLIT,https://namu.wiki/w/ILLIT/%EC%BD%98%ED%85%90%EC%B8%A0,1,6.2.,콘텐츠,활동/콘텐츠//타채널,4.,타채널,,해당 섹션에 대한 설명이 없거나 하위 문서로 대체됩니다.
88,https://namu.wiki/w/ILLIT,https://namu.wiki/w/ILLIT,https://namu.wiki/w/ILLIT/%EC%BD%98%ED%85%90%EC%B8%A0,1,6.2.,콘텐츠,활동/콘텐츠//타채널/예능,4.1.,예능,타채널,"일자,채널,제목,출연,링크,2024년,03.18,,[4K | 주간아Live] 모여봐요 준이의 숲 with 아일릿(ILLIT),전원,,03.21,,르세라핌 뉴진스 그리고 아일릿 레츠 고 | 🤗어서 5세대,윤아, 원희,,03.27,,[하이라이트] Magnetic 매력의 상큼돌🧲 슈퍼리얼 풋풋함🌱 아일릿의 주간아 활약 모먼트😍,전원,,03.30,,연습실에서 발견된 간식꾸러미?! 오히려 좋아~ 파티 시작 🍭🎉,,04.18,,아일릿 데뷔 3주차에 닥친 시련💦 장꾸 채민 은행장의 노빠꾸 진행🔥 (👭: 은채sbn 보고싶어요ㅠㅠ) | 은채없는 은채의 스타일기💫 스페셜EP | ILLIT,원희, 이로하,, 일자,채널,제목,출연,링크,2024년,03.18,,[4K | 주간아Live] 모여봐요 준이의 숲 with 아일릿(ILLIT),전원,,03.21,,르세라핌 뉴진스 그리고 아일릿 레츠 고 | 🤗어서 5세대,윤아, 원희,,03.27,,[하이라이트] Magnetic 매력의 상큼돌🧲 슈퍼리얼 풋풋함🌱 아일릿의 주간아 활약 모먼트😍,전원,,03.30,,연습실에서 발견된 간식꾸러미?! 오히려 좋아~ 파티 시작 🍭🎉,,04.18,,아일릿 데뷔 3주차에 닥친 시련💦 장꾸 채민 은행장의 노빠꾸 진행🔥 (👭: 은채sbn 보고싶어요ㅠㅠ) | 은채없는 은채의 스타일기💫 스페셜EP | ILLIT,원희, 이로하,,"
89,https://namu.wiki/w/ILLIT,https://namu.wiki/w/ILLIT,https://namu.wiki/w/ILLIT/%EC%BD%98%ED%85%90%EC%B8%A0,1,6.2.,콘텐츠,활동/콘텐츠//타채널/인터뷰,4.2.,인터뷰,타채널,"일자,채널,제목,출연,링크,2024년,03.29,,아일릿은 평소에 뭐 하고 놀까? 따끈따끈한 아일릿 이모지 인터뷰💜,전원,,03.30, 일본 행정구 속령 모델프레스,ILLIT의 인터뷰 연재 ,소개,링크,03.31,윤아,링크,04.01,민주,링크,04.02,모카,링크,04.03,원희,링크,04.04,이로하,링크,04.04,,[여담:餘談 TRIVIA] 아티스트 '아일릿'에 대한 여담 ,요약본,,윤아,,민주,,모카,,원희,,이로하,,비하인드,링크,04.17, 일본 행정구 속령,ILLIT, 『잇테Q』 촬영 뒤를 말한다,전원,링크,04.23, 대만 행정구 속령 kkbox_kpop,데뷔 앨범 발매 기념,전원,,05.26, 일본 행정구 속령 모델프레스,【ILLIT 인터뷰】대망의 일본 무대, MOKA & IROHA가 의기양양하게 고국으로 돌아옵니다 어떤 문화와 언어가 당신을 놀라게 했나요?,전원,사진  인터뷰, 일본 행정구 속령  세븐틴 웹,【첫 면접! & 셀카로 인사 PHOTO] 너무 귀여운 ILLIT에게 여러가지 질문을 ♡ 던졌습니다,전원,인터뷰,05.31, 일본 행정구 속령  non-no,【ILLIT】 세계는 ""마그네틱""에 열광하고 있습니다! 멤버들이 멤버들의 매력을 설명해주면 어떨까요? [인터뷰 vol.1] ,전원,인터뷰,06.01,[ILLIT] 한정 셀카 & 멤버의 자필 자화상도 전달합니다. 멤버들이 ""매우 끌리는"" 것은 무엇이며 무엇에 열정을 가지고 있습니까? [인터뷰 vol.2] ,전원,인터뷰,06.28, 미국 행정구 속령  빌보드,ILLIT: 2024년 6월 K-Pop 이달의 신인 독점 사진 및 셀카 보기 ,전원,사진  인터뷰,07.01, 미국 행정구 속령   iHeartRadio,ILLIT는 ""Magnetic""의 성공에 대해 이야기하고 팬들에게 메시지를 보냅니다! ,전원,공트  인터뷰,07.06, 일본 행정구 속령   모델프레스,귀여운 탈의실 에피소드를 잇달아 선보이는 ILLIT 「바닥에 물을 쏟았습니다」 「연어를 만들까 쇠고기를 만들까 옛날부터 고민하고 있었습니다... [""THE MUSIC DAY 2024"" 인터뷰] ,전원,공트  인터뷰, 일자,채널,제목,출연,링크,2024년,03.29,,아일릿은 평소에 뭐 하고 놀까? 따끈따끈한 아일릿 이모지 인터뷰💜,전원,,03.30, 일본 행정구 속령 모델프레스,ILLIT의 인터뷰 연재 ,소개,링크,03.31,윤아,링크,04.01,민주,링크,04.02,모카,링크,04.03,원희,링크,04.04,이로하,링크,04.04,,[여담:餘談 TRIVIA] 아티스트 '아일릿'에 대한 여담 ,요약본,,윤아,,민주,,모카,,원희,,이로하,,비하인드,링크,04.17, 일본 행정구 속령,ILLIT, 『잇테Q』 촬영 뒤를 말한다,전원,링크,04.23, 대만 행정구 속령 kkbox_kpop,데뷔 앨범 발매 기념,전원,,05.26, 일본 행정구 속령 모델프레스,【ILLIT 인터뷰】대망의 일본 무대, MOKA & IROHA가 의기양양하게 고국으로 돌아옵니다 어떤 문화와 언어가 당신을 놀라게 했나요?,전원,사진  인터뷰, 일본 행정구 속령  세븐틴 웹,【첫 면접! & 셀카로 인사 PHOTO] 너무 귀여운 ILLIT에게 여러가지 질문을 ♡ 던졌습니다,전원,인터뷰,05.31, 일본 행정구 속령  non-no,【ILLIT】 세계는 ""마그네틱""에 열광하고 있습니다! 멤버들이 멤버들의 매력을 설명해주면 어떨까요? [인터뷰 vol.1] ,전원,인터뷰,06.01,[ILLIT] 한정 셀카 & 멤버의 자필 자화상도 전달합니다. 멤버들이 ""매우 끌리는"" 것은 무엇이며 무엇에 열정을 가지고 있습니까? [인터뷰 vol.2] ,전원,인터뷰,06.28, 미국 행정구 속령  빌보드,ILLIT: 2024년 6월 K-Pop 이달의 신인 독점 사진 및 셀카 보기 ,전원,사진  인터뷰,07.01, 미국 행정구 속령   iHeartRadio,ILLIT는 ""Magnetic""의 성공에 대해 이야기하고 팬들에게 메시지를 보냅니다! ,전원,공트  인터뷰,07.06, 일본 행정구 속령   모델프레스,귀여운 탈의실 에피소드를 잇달아 선보이는 ILLIT 「바닥에 물을 쏟았습니다」 「연어를 만들까 쇠고기를 만들까 옛날부터 고민하고 있었습니다... [""THE MUSIC DAY 2024"" 인터뷰] ,전원,공트  인터뷰,"
90,https://namu.wiki/w/ILLIT,https://namu.wiki/w/ILLIT,https://namu.wiki/w/ILLIT/%EC%BD%98%ED%85%90%EC%B8%A0,1,6.2.,콘텐츠,활동/콘텐츠//타채널/기타,4.3.,기타,타채널,"일자,채널,제목,출연,링크,2024년,03.13,,[Hi-RiSiNG] The Members진짜 나에 대한 이야기를 담아, 전속력으로 달려나갈 아일릿(ILLIT),전원,#,03.25,[Hi-RiSiNG] The Members아일릿(ILLIT), 엉뚱·발랄·자유로움…무엇이든 될 수 있는 무한 가능성의 소녀들,#,03.28,,[주간챌린지] MC붐과 함께하는 super 이끌림🧲💟,민주, 이로하,,[주간챌린지] MC쭌과 함께하는 super 이끌림🧲💟,윤아, 모카, 원희,,03.30,,[릴레이댄스]ILLIT(아일릿) - Magnetic (4K),전원,,04.01,,[BE ORIGINAL]ILLIT(아일릿) 'Magnetic' (4K),,04.06,,[인기가요대신가드림] 아일릿 사전녹화 비하인드🎥🎬귀여운 애가 손톱까지 귀여우면 어쩌자는 거야🥺,,04.12,,[비하인드 더 쇼 240402]아일릿 (ILLIT), 오늘의 임티컷 백스테이지,,04.15,,[BE ORIGINAL]ILLIT(아일릿) 'Magnetic' | Videodump (ENG/JPN),,04.16,,[챌린딩]MC 형준 & 아일릿(ILLIT) [THE SHOW 240416],민주, 원희,,,[엠카운트다운]아일릿(ILLIT)이 알려주는 이번 주 엠카운트다운 라인업은? EP.838 ,전원,,04.18,,[비하인드 더 쇼 240409]아일릿 (ILLIT), 오늘의 임티컷 백스테이지,,04.19,,[릴레이댄스]ILLIT(아일릿) - Lucky Girl Syndrome (4K),,05.09,,[비하인드 더 쇼 240423]아일릿 (ILLIT), 오늘의 임티컷 백스테이지,, 일자,채널,제목,출연,링크,2024년,03.13,,[Hi-RiSiNG] The Members진짜 나에 대한 이야기를 담아, 전속력으로 달려나갈 아일릿(ILLIT),전원,#,03.25,[Hi-RiSiNG] The Members아일릿(ILLIT), 엉뚱·발랄·자유로움…무엇이든 될 수 있는 무한 가능성의 소녀들,#,03.28,,[주간챌린지] MC붐과 함께하는 super 이끌림🧲💟,민주, 이로하,,[주간챌린지] MC쭌과 함께하는 super 이끌림🧲💟,윤아, 모카, 원희,,03.30,,[릴레이댄스]ILLIT(아일릿) - Magnetic (4K),전원,,04.01,,[BE ORIGINAL]ILLIT(아일릿) 'Magnetic' (4K),,04.06,,[인기가요대신가드림] 아일릿 사전녹화 비하인드🎥🎬귀여운 애가 손톱까지 귀여우면 어쩌자는 거야🥺,,04.12,,[비하인드 더 쇼 240402]아일릿 (ILLIT), 오늘의 임티컷 백스테이지,,04.15,,[BE ORIGINAL]ILLIT(아일릿) 'Magnetic' | Videodump (ENG/JPN),,04.16,,[챌린딩]MC 형준 & 아일릿(ILLIT) [THE SHOW 240416],민주, 원희,,,[엠카운트다운]아일릿(ILLIT)이 알려주는 이번 주 엠카운트다운 라인업은? EP.838 ,전원,,04.18,,[비하인드 더 쇼 240409]아일릿 (ILLIT), 오늘의 임티컷 백스테이지,,04.19,,[릴레이댄스]ILLIT(아일릿) - Lucky Girl Syndrome (4K),,05.09,,[비하인드 더 쇼 240423]아일릿 (ILLIT), 오늘의 임티컷 백스테이지,,"
91,https://namu.wiki/w/ILLIT,https://namu.wiki/w/ILLIT,https://namu.wiki/w/ILLIT/%EC%BD%98%ED%85%90%EC%B8%A0,1,6.2.,콘텐츠,활동/콘텐츠//타채널/해외채널,4.4.,해외채널,타채널,"일자,채널,제목,출연,링크,2024년,03.26,,(CC) 👸하이브 막내딸들: 꼬마들아! 춤 배틀을 신청한다🔥,전원,,03.28,(CC) 하이브 신인 걸그룹으로 데뷔했는데 n개 국어 언어 천재였던 건에 대하여,, 일자,채널,제목,출연,링크,2024년,03.26,,(CC) 👸하이브 막내딸들: 꼬마들아! 춤 배틀을 신청한다🔥,전원,,03.28,(CC) 하이브 신인 걸그룹으로 데뷔했는데 n개 국어 언어 천재였던 건에 대하여,,"
92,https://namu.wiki/w/ILLIT,https://namu.wiki/w/ILLIT,https://namu.wiki/w/ILLIT/%EC%BD%98%ED%85%90%EC%B8%A0,1,6.2.,콘텐츠,활동/콘텐츠//숏폼,5.,숏폼,,다음 문서로 대체 설명: https://namu.wiki/w/ILLIT/%EC%88%8F%ED%8F%BC
93,https://namu.wiki/w/ILLIT,https://namu.wiki/w/ILLIT,https://namu.wiki/w/ILLIT/%EC%BD%98%ED%85%90%EC%B8%A0,1,6.2.,콘텐츠,활동/콘텐츠//Weverse,6.,Weverse,,다음 문서로 대체 설명: https://namu.wiki/w/ILLIT/Weverse
94,https://namu.wiki/w/ILLIT,https://namu.wiki/w/ILLIT,https://namu.wiki/w/ILLIT/%EC%BD%98%ED%85%90%EC%B8%A0,1,6.2.,콘텐츠,활동/콘텐츠//FOOTNOTES,EOD.,FOOTNOTES,,
95,https://namu.wiki/w/ILLIT,https://namu.wiki/w/ILLIT,https://namu.wiki/w/ILLIT/%EC%88%8F%ED%8F%BC,1,6.2.1.,숏폼,활동/콘텐츠/숏폼//개요,1.,개요,,ILLIT의 숏폼 영상을 서술한 문서이다.
96,https://namu.wiki/w/ILLIT,https://namu.wiki/w/ILLIT,https://namu.wiki/w/ILLIT/%EC%88%8F%ED%8F%BC,1,6.2.1.,숏폼,활동/콘텐츠/숏폼//공식 채널,2.,공식 채널,,해당 섹션에 대한 설명이 없거나 하위 문서로 대체됩니다.
97,https://namu.wiki/w/ILLIT,https://namu.wiki/w/ILLIT,https://namu.wiki/w/ILLIT/%EC%88%8F%ED%8F%BC,1,6.2.1.,숏폼,활동/콘텐츠/숏폼//공식 채널/2023년,2.1.,2023년,공식 채널,"일자,제목,출연,링크,2023년,09.02,Hello there, we’re I’LL-IT !,전원,  ,09.03,I’LL-IT MINJU,민주,,09.04,I’LL-IT MOKA,모카,,09.09,Aim high🏹,윤아, 모카, 원희,,Desperate🌪️,민주, 이로하,,09.10,머리 넘기기 중독,전원,,09.11,devil in the parking lot😈,이로하,,09.14,아 오늘 게임 안 풀리네,윤아,,09.15,공포 VR 쉽지 않다..ㅠ (무서운거 안 나옴),민주,,09.16,탕후루 처음 먹어본 사람의 반응 | 샤인머스캣이 최고ㅋ,모카,,이롸 머리 풍차돌리기🌀,원희, 이로하,,09.17,Wake up! I’LL-IT💞,전원,,Knock knock, I‘LL-IT is here!,전원,,09.18,결과물만 괜찮으면 됐어 | 가루쿡 만들다가 멘탈 가루되기,원희,,09.19,같이 그림 그리실래요?,이로하,,09.21,only you👀😉,모카,,09.30,비 와도 문제 없음!!,모카, 이로하, ,10.08,뿌!! Happy birthday to me🥳,모카, ,11.04,Another photo dump🍂,모카, ,11.06,찍기 좀 힘들었다 🐥🌀📸,원희, ,11.08,Hit the road jack 👓💃,윤아, ,11.09,남산에서 가장 힙해지는 법 (feat. 산스장 찍먹),원희, 이로하,,11.10,Stop🖐 Don’t talk to me ฅ՞•ﻌ•՞ฅ,이로하,,하이브 막내 아일릿 인사드립니다!,전원,,11.11,빼빼로데이 선물이라고 우겨본다📷,전원,,11.15,아일릿 민주 닮은 여신 인터뷰😆,민주,,정답: 모카!!,전원,,11.16,친구랑 트윈룩 입어보기👗,민주,,11.17 ,외출 준비📷,모카,,11.19,okay okay okay,원희,,11.21,마음이 따뜻해지는 영상 💕,원희, 이로하, 모카,,11.22,実は一緒にいました 🤭,모카, 이로하,,11.23,친구랑 하기 좋은 겨울 실내 데이트 추천🤍❄️| 터프팅 원데이 클래스 | 짱구 만들기 도,윤아, 모카,,11.27,찐 막차 탑승,민주,,11.29,우리 쫌 믓찌다😎,윤아, 원희,,11.30,집에서 포토존 만들기📸| 셀프 인테리어 | 포토존 DIY,전원,,12.05 ,Oops 카메라 내려가지마!!!!,민주,,원희 나이스!! 🤦‍♀️,전원,,12.07,슬릭백 이거 맞나 ~,~,원희,,한번은 물에 들어가야지 🤗,전원,,아일릿의 하루,전원,,12.08,Crank it up🔥🔥,이로하, ,12.10,햇볕놀이☀️🦋,민주,,12.14,여섯 번 하기로 했짜낙!!!!,윤아, 민주,,12.15,김목화의 배신😡,모카, 원희,,12.16,첫 눈 챌린지❄️ 마지막에 손 몇 번 돌렸게요 ⸜(๑'ᵕ'๑)⸝,민주, 이로하,,12.17,You’re all that I need🎄,윤아,,12.18,My Lover💗,민주,,12.20,왁왁왁왁,모카, 민주,,12.22,run to you🤣🏃‍♀️💨,모카, 원희,,12.23,with bestie💗,모카, 이로하,,12.24,HAPPY HOLIDAYS🎄,전원,,12.27,성공해서 진심으로 신난 우리,원희, 모카,,12.29,1, 2, 3D,윤아,, 일자,제목,출연,링크,2023년,09.02,Hello there, we’re I’LL-IT !,전원,  ,09.03,I’LL-IT MINJU,민주,,09.04,I’LL-IT MOKA,모카,,09.09,Aim high🏹,윤아, 모카, 원희,,Desperate🌪️,민주, 이로하,,09.10,머리 넘기기 중독,전원,,09.11,devil in the parking lot😈,이로하,,09.14,아 오늘 게임 안 풀리네,윤아,,09.15,공포 VR 쉽지 않다..ㅠ (무서운거 안 나옴),민주,,09.16,탕후루 처음 먹어본 사람의 반응 | 샤인머스캣이 최고ㅋ,모카,,이롸 머리 풍차돌리기🌀,원희, 이로하,,09.17,Wake up! I’LL-IT💞,전원,,Knock knock, I‘LL-IT is here!,전원,,09.18,결과물만 괜찮으면 됐어 | 가루쿡 만들다가 멘탈 가루되기,원희,,09.19,같이 그림 그리실래요?,이로하,,09.21,only you👀😉,모카,,09.30,비 와도 문제 없음!!,모카, 이로하, ,10.08,뿌!! Happy birthday to me🥳,모카, ,11.04,Another photo dump🍂,모카, ,11.06,찍기 좀 힘들었다 🐥🌀📸,원희, ,11.08,Hit the road jack 👓💃,윤아, ,11.09,남산에서 가장 힙해지는 법 (feat. 산스장 찍먹),원희, 이로하,,11.10,Stop🖐 Don’t talk to me ฅ՞•ﻌ•՞ฅ,이로하,,하이브 막내 아일릿 인사드립니다!,전원,,11.11,빼빼로데이 선물이라고 우겨본다📷,전원,,11.15,아일릿 민주 닮은 여신 인터뷰😆,민주,,정답: 모카!!,전원,,11.16,친구랑 트윈룩 입어보기👗,민주,,11.17 ,외출 준비📷,모카,,11.19,okay okay okay,원희,,11.21,마음이 따뜻해지는 영상 💕,원희, 이로하, 모카,,11.22,実は一緒にいました 🤭,모카, 이로하,,11.23,친구랑 하기 좋은 겨울 실내 데이트 추천🤍❄️| 터프팅 원데이 클래스 | 짱구 만들기 도,윤아, 모카,,11.27,찐 막차 탑승,민주,,11.29,우리 쫌 믓찌다😎,윤아, 원희,,11.30,집에서 포토존 만들기📸| 셀프 인테리어 | 포토존 DIY,전원,,12.05 ,Oops 카메라 내려가지마!!!!,민주,,원희 나이스!! 🤦‍♀️,전원,,12.07,슬릭백 이거 맞나 ~,~,원희,,한번은 물에 들어가야지 🤗,전원,,아일릿의 하루,전원,,12.08,Crank it up🔥🔥,이로하, ,12.10,햇볕놀이☀️🦋,민주,,12.14,여섯 번 하기로 했짜낙!!!!,윤아, 민주,,12.15,김목화의 배신😡,모카, 원희,,12.16,첫 눈 챌린지❄️ 마지막에 손 몇 번 돌렸게요 ⸜(๑'ᵕ'๑)⸝,민주, 이로하,,12.17,You’re all that I need🎄,윤아,,12.18,My Lover💗,민주,,12.20,왁왁왁왁,모카, 민주,,12.22,run to you🤣🏃‍♀️💨,모카, 원희,,12.23,with bestie💗,모카, 이로하,,12.24,HAPPY HOLIDAYS🎄,전원,,12.27,성공해서 진심으로 신난 우리,원희, 모카,,12.29,1, 2, 3D,윤아,,"
98,https://namu.wiki/w/ILLIT,https://namu.wiki/w/ILLIT,https://namu.wiki/w/ILLIT/%EC%88%8F%ED%8F%BC,1,6.2.1.,숏폼,활동/콘텐츠/숏폼//공식 채널/2024년,2.2.,2024년,공식 채널,"일자,제목,출연,링크,2024년,01.01,No.3!! That I really want,윤아,,01.12,이 옷 뭔가 캐릭터 같아! ! !,모카,,01.15,It’s my birthday,윤아, ,HAPPY BIRTHDAY TO YUNAH 🎂윤아 생일 축하해😍,윤아,,01.19,I like this dance,이로하, ,01.22,remember this trend?,민주, ,01.23,Jolly Jelly 💖,모카, ,01.24,그녀를 화나게 만드는 법. 희희 (ᵔᵕᵔ),원희, 윤아, ,01.25,I just wanna love you like I do🤍,이로하, ,01.26,거울 셀카 포즈 추천,원희, ,01.29,no bars 😘,민주, ,01.31,two of hearts💕,원희, 모카, ,02.02,Do you love us?,윤아, 이로하, 민주, ,02.04,Hello, 16 👋,이로하,  ,02.05,好きな友達とphoto📸,이로하, 모카, 원희, ,02.06,뿁,원희 , ,02.10,해피 설날❤️,전원, ,02.11,🧚‍♀️✨,전원, ,02.11,한복 잘 어울리는거 축하해 | 친구들이랑 한복 데이트 | 한복 우정 사진 찍기,전원,,02.14,Happy Valentine's Day🎀,모카, ,02.21,겨울 안녕👋,원희,  ,02.27,Nice To See You, ILLIT!,전원, ,03.03,shopping 💅,전원,,bestie👭🏼,원희, 이로하,,Sunday fit check,전원, ,3 days in Paris 🇨🇵,전원,,03.04,5 types in high school🏫,전원, ,ｓｃｈｏｏｌ ｄａｙｓꗯ ⋆˳ ˚ ⋆ ,전원, ,school dump🏫📷 > > >,전원,,03.05,반배정 성공한 사람?🙋‍♀️,원희, 이로하, ,같이 틱톡 찍을 사람🤍,모카, ,💞,윤아, 민주,,03.06,Skip to the SUPER REAL MEmories,전원, ,03.07,first LOVE☆.｡･:*,전원, ,03.08,SUPER hearts💗,전원, ,SUPER spoiler🌟,전원,,03.09,디저트 캐주얼 3종 세트(甜品休闲三件套),전원,,03.10,out fit check,전원, ,Say hello to #ILLIT,전원,,03.12,카메라에 슈퍼 이끌림,전원, ,03.13,REAL ME !!,윤아, ,03.15,주변에 이런 친구 있으면 태그 🙋‍♀️,전원, ,Acnestudios SS24 collection,전원,,03.17,Highlight Medley 'My World' (short ver.),전원, ,Highlight Medley 'Midnight Fiction' (short ver.),전원, ,Highlight Medley 'Lucky Girl Syndrome' (short ver.),전원, ,Highlight Medley 'Magnetic' (short ver.),전원, ,03.18,Play It, ILLIT,전원, ,03.19,Magnetic Cam 🧲📸,이로하, ,이건 마치 N극과 N극,윤아, ,03.20,dancing cat 🐱,이로하,,03.22,Magnetic preview🎧,전원,,03.23,소리가 진짜 다르네😳,민주, ,03.24,our SUPER REAL debut D-1 ☁️,전원,  ,03.25,THIS TIME ILLIT WANTS,전원,  ,03.26,#YUNAH World ☁️,윤아,,#MINJU World ☁️,민주,,#MOKA World ☁️,모카,,#WONHEE World ☁️,원희,,#IROHA World ☁️,이로하,,Like It's Magnetic💟,전원,  ,#희승 선배님을 만나뵙습니다🙇‍♀️,윤아, 민주,  ,내가 만든 하트에 슈퍼 이끌림😘,원희,  ,우리 진짜 데뷔했다!!!,전원,,3rd magnetic dance,전원,  ,03.27,try this SUPER REAL spedup ver ,전원,  ,니키 선배님과 SUPER DASH 🕺 ,이로하,  ,ILLIT 심장이 막 뛰어💓 ,전원,  ,만나서 반가워uuuu💟 ,전원,  ,재재 님과 챌린지 맞교환했습니다❤️ ,윤아, 원희,  ,03.28,SUPER REAL moving💨 ,전체,  ,MV behind the scenes✨ 아일릿에게로 슈퍼 이끌림🧲 ,전체,  ,ILLIT (아일릿) ‘Magnetic’ Dance Practice (Short Ver.) ,전체,  ,SUPER 이끌려🎀 ,민주, 윤아, 모카,  ,SUPER 막내즈 ,이로하, 원희,  ,SUPER lovely energy💕 ,민주, 윤아,  ,cinnamoroll!! We’re magnetized 인정할게 ૮ ・ﻌ・ა ,모카,,03.29,SUPER Magnetic heart💘 ,이로하,  ,This time 운학 선배님과🍀 ,원희, 이로하,  ,발소리만 들어도 SUPER 이끌림🧲 ,원희, 이로하,  ,역시 우린 Magnetic ,민주, 윤아,  ,SUPER 쉬운데? ,민주, 모카,  ,03.30,이현 스승님과 함께🤟 ,전원,  ,투어스 선배님과 함께 SUPER 이끌림 🕺💃 ,이로하, 모카,  ,03.31,Magnetic MV bts ,전원,  ,posing with this part✨ ,윤아, 원희, 이로하,  ,홍은채 선배님과 함께해서 심장이 막 뛰어💓 ,윤아,  ,네모난 세상 속 SUPER 동구람 ,모카, ,04.01,SUPER CUTE 소희 선배님과💂 ,민주, 모카,  ,infinite loop of Magnetic 💟 ,전원,  ,04.02,To my Magnetic besties💖 ,전원,  ,SUPER fairy🧚 설윤 선배님과 함께 ,민주,  ,Our 1st win 🧲 SUPER REAL thank you all❣️ ,전원, ,04.03,SUPER telepathy⚡ ,전원,  ,SUPER DASH with 주연 선배님🐱 ,모카, 이로하,  ,SUPER REAL Magnetic memory in paris ,전원,  ,04.04,I'm just trying to play it cool💫 ,원희,  ,🐰🐶🐱🧸 SUPER Magnetic with 투모로우바이투게더 선배님🙌 ,민주, 모카,  ,거대한 자̆석ગ 된 ටㅏ일યૂથ story를 ටㅏ⋌∣나요̆̈..ˀ (slowed ver.) ,전원, ,04.05,⚡🧲⚡ ,전원,  ,This is ILLIT world ,전원,  ,It's SUPER Magnetic✨ with 더보이즈 선배님 ,윤아,  ,This trend🕺 ,원희, 윤아,,04.06,Try this part with ,전원,,Magnetic memory in Sangam..✨ ,전원,  ,🩵🪽🦋🪼🐳🧊🌊🤍 ,전원,  ,04.07,ILLIT ➡️ 𝓜𝓪𝓰𝓲𝓬𝓪𝓵 𝓘𝓛𝓛𝓘𝓣 ,윤아,,민주,,모카,,원희,,이로하,,SUPER easy way to #Magnetic spedup challenge💥 ,민주, 윤아,  ,HERE is the result 🙌 ,민주, 윤아,  ,로하몬 원희몬 진화💓🧚 ,원희, 이로하, ,04.08,Wallpaper #ILLIT edition💘 ,전원,,🤍🩷 ,모카, 이로하,  ,우리 진짜 SUPER #Magnetic 👭 황수지 ,원희,  ,04.09,❥･• ૮꒰ྀི ⸝⸝ɞ̴̶̷ ·̫ ‹⸝⸝ ꒱ྀིა ,모카, ,PINK ILLIT 🎀🌸 ,윤아, 원희, 민주,  ,can u follow this speed?💥 ,모카, 이로하, 원희,  ,04.10,ILLIT's first stage of MyWorld ,전원,  ,this is #MyWorld 🦋 ,원희, 민주,  ,이게 진짜 REAL ILLIT🐬 ,모카, 이로하, 윤아,  ,04.11,아이키 스승님과 함께 SUPER DANCE ,모카, 이로하, 원희,  ,04.12,이 노래 들으면 행운이 찾아온대。:°ஐ ,민주,  ,This is 100% REAL Magic ,이로하,  ,04.13,Muah😘 ,모카,  ,IROHA is ready🔥 ,이로하,,04.14,HYBE tour with LuckyGirlSyndrome ,원희,  ,Magnetic の果てまで! 世界の果てまでイッテQ #ガンバレルーヤ (마그네틱의 끝까지! 세계의 끝까지 잇테 Q #감바렐루야) ,모카, 원희,  ,04.15,Who’s that lucky girl? ,윤아,  ,04.17,we're so LUCKY🍀 ,전원,  ,That's my girl💓 ,윤아, 민주,  ,woah 🤯🤩😮🫢😍 ,전원, ,Introduce our Lucky world🤞 ,원희, ,04.18,Mon to Sun I’m a Lucky Girl ,민주, ,오늘의 날씨는 맑음☀️ ,전원,  ,난 정말 LUCKY!❤️ ,원희, 모카, 이로하,  ,04.19,double LUCKY👭 ,민주, 윤아,  ,설렘이 1000%💓 ,원희,  ,#아이키 님과 함께라면 #SUPER_LUCKY❇️ ,민주, 윤아,  ,04.20,that's my girl🫵 ,이로하, 모카,  ,I'm so LUCKY with #쇼타로 선배님🍀 ,이로하,  ,LuckyGirlSyndrome MV bts📹  ,전원,  ,04.21,Lucky means being with #ILLIT ,전원, ,↳☋☾ϰ☿❡♗☈↳ⓢ☿♫◗☈⊙♔€   ,전원,  ,주문을 외워🍀 with &TEAM #EJ 선배님!  ,이로하, 원희,  ,04.22,몰래 행운 불어넣기.· ´¸.·*´¨) ¸.·*¨) ,전원, ,LuckyGirlSyndrome everywhere ,전원, ,완벽한🌞 딱맞는🎶 ,전원,  ,04.23,This trend with #Magnetic🕺 ,전원,  ,𝒸𝒾𝓉𝓎𝓃𝒾𝑔𝒽𝓉 🏙️ ,모카,  ,04.24,아 나 찍지 말라니까 ㅎ ,윤아, 원희, ,04.25,Choose your type! ,윤아, 원희,  ,04.26,I found this song!!📱 ,이로하,  ,04.27,super real me recap ,윤아,,민주,,모카,,원희,,이로하,,#Magnetic r&b ver🎶 ,민주,  ,04.28,UH-OH😜 ,전원,  ,웨이러미닛 이게 모찌♡ ,전원, ,04.30,Never let you know our next move😎 ,윤아, 민주, ,05.02,New trend of this sound😉 ,이로하, 모카, ,05.04,Love you Need you😘 ,원희, ,05.05,この曲かわいい〰️ ,모카, ,05.06,1, 2, 3 & to the IROHA💃 ,이로하,  ,05.07,두 유 마~희쭈 ,원희, 민주,  ,05.09,like this fit💗 ,윤아,  ,05.11,I’m not 19 anymore ,민주, ,HAPPY BIRTHDAY TO MINJU🎂 ,민주,,05.13,ILLIT in Tokyo🇯🇵 ,전원, ,05.14,meow. ,모카, 이로하,  ,05.16,인정할게 우린 最上級にかわいいの!(최상급에 귀엽다!) ,윤아, 이로하, 원희, ,05.20,Pov : when we go home🎵 ,전원, ,05.22,Kcon.zip ,전원,,05.24,Try this to your BFF ,윤아, 민주, ,05.26,My lucky charm is..?  ,민주, 이로하, ,05.27,ILLIT In Tokyo💞  ,전원, ,Let's dance💅 ,윤아,   ,05.28,リモコンを押すと？(리모컨을 누르면?) ,모카, 이로하, ,05.29,this stop is #IROHA ,이로하,  ,05.31,can't stop this #WONHEE ,원희, 민주, ,06.03,뀨-ꯁ ,모카,  ,06.04,KEEP GOING! ,모카, 이로하, ,Can’t stop laughing 😂 ,윤아, 민주, ,06.05,walk like me💅 ,윤아,  ,06.07,완벽한 입박자 ,원희, 이로하, ,✩ 🎀°.❀⋆⸜ 🌷 ,민주, 원희,  ,06.08,Memory haul 📷🥂🍴🇫🇷 ,모카, 원희, ,06.09,is it U? (˶• ֊ •˶) ,원희,  ,06.13,WONHEE'S GRWM for Festivals🎀 ,원희,,오늘 메이크업 어때요? 제가 했어요😚 ,원희, ,back to 2000's✨ ,모카, 이로하, ,06.15,festival makeup check💫 ,원희,,06.17,눈물로 중단된 데뷔 최종 점검 | 'SUPER REAL ILLIT' TEASER 1,전원,,데뷔 전 아일릿의 연습 마무리 루틴 | ‘SUPER REAL ILLIT’ TEASER 2,전원,,06.18,데뷔 날짜 처음 들은 아일릿 찐반응😲,전원,,쉬는 시간에 여고생 텐션 나오는 아일릿🤸🏻‍♀️,전원,,💙🪼🦋🧢🪽🌊,원희,,06.20,마그네틱 이것도 직접 불렀다고? ,윤아,,파워 N이 안무 짜면 생기는 일,전원,,06.21,마그네틱 녹음 1트에 끝내버리는 민주 ,민주,,아일릿 노력파 막내 이로하의 보컬 성장기,이로하,,come and get ur 💖 ,윤아, ,06.22,이 힙합 꼬마는 커서 아일릿 공식 춤짱이 됩니다 ,이로하,,아일릿 '마그네틱' 완성 과정,전원,,06.23,데뷔 앞둔 1년 차 연습생의 속마음 ,원희,,심심할 틈 없는 아일릿,전원,,THE CAMERA WORK✨ wanted to try this,민주, 모카, ,06.26,HAPPY BIRTHDAY TO WONHEE🎂 ,원희,,Finally, Finally, Finally.. It’s my b-day!!,원희, ,06.27,too bad😈 ,이로하, ,*미공개 영상* 카디비 랩이 포근해지는 매직,민주,,*미공개 영상* 아일릿 눈 뜨면 나랑 사귀는 거다,전원,,06.30,*미공개 영상* 스케일이 점점 커지는 아일릿의 상상 ,윤아, 민주, 원희,,*미공개 영상* 로고 공개에 행복해하는 붕방 강쥐들 ,전원,,*미공개 영상* 데뷔 전 각오를 다지는 아일릿 ,전원,,I have something to tell you..💞 ,원희,  ,07.01,*미공개 영상* 아일릿 눈 뜨면 나랑 사귀는 거다,전원,,with Magnetic😘,민주, 모카, ,07.02,Thank you Tik Tok! and 3M💕,전원, ,07.03,Ding-dong! ✨100 days✨,전원, ,07.04,수상할 정도로 스껄에 진심인 아일릿,전원,,07.08,#AYAKA 언니와 #Magnetic💞 #NiziU ,전원,  ,07.09,That’s that me #MOKA espresso☕️,모카,  ,서로를 너!!무 잘 아는 아일릿👩‍❤️‍💋‍👩,전원,,07.10,What I carry everyday😘,원희, ,07.11,막, 내가 좋아? 막내 이로하가 좋아,전원,,07.12,vegi.🥕,모카, ,07.13,*LITERALLY*,윤아, 원희, ,07.15,모카롱 케이쿠,모카, 이로하,  ,Love me 2(12),원희, ,07.16,🦋🦋🦋🦋,원희,  ,07.17,🌼💛,민주,  ,07.18,이것이.. 5세대의 캡쳐타임?,전원,,07.19,love you baby🌸,이로하, , 일자,제목,출연,링크,2024년,01.01,No.3!! That I really want,윤아,,01.12,이 옷 뭔가 캐릭터 같아! ! !,모카,,01.15,It’s my birthday,윤아, ,HAPPY BIRTHDAY TO YUNAH 🎂윤아 생일 축하해😍,윤아,,01.19,I like this dance,이로하, ,01.22,remember this trend?,민주, ,01.23,Jolly Jelly 💖,모카, ,01.24,그녀를 화나게 만드는 법. 희희 (ᵔᵕᵔ),원희, 윤아, ,01.25,I just wanna love you like I do🤍,이로하, ,01.26,거울 셀카 포즈 추천,원희, ,01.29,no bars 😘,민주, ,01.31,two of hearts💕,원희, 모카, ,02.02,Do you love us?,윤아, 이로하, 민주, ,02.04,Hello, 16 👋,이로하,  ,02.05,好きな友達とphoto📸,이로하, 모카, 원희, ,02.06,뿁,원희 , ,02.10,해피 설날❤️,전원, ,02.11,🧚‍♀️✨,전원, ,02.11,한복 잘 어울리는거 축하해 | 친구들이랑 한복 데이트 | 한복 우정 사진 찍기,전원,,02.14,Happy Valentine's Day🎀,모카, ,02.21,겨울 안녕👋,원희,  ,02.27,Nice To See You, ILLIT!,전원, ,03.03,shopping 💅,전원,,bestie👭🏼,원희, 이로하,,Sunday fit check,전원, ,3 days in Paris 🇨🇵,전원,,03.04,5 types in high school🏫,전원, ,ｓｃｈｏｏｌ ｄａｙｓꗯ ⋆˳ ˚ ⋆ ,전원, ,school dump🏫📷 > > >,전원,,03.05,반배정 성공한 사람?🙋‍♀️,원희, 이로하, ,같이 틱톡 찍을 사람🤍,모카, ,💞,윤아, 민주,,03.06,Skip to the SUPER REAL MEmories,전원, ,03.07,first LOVE☆.｡･:*,전원, ,03.08,SUPER hearts💗,전원, ,SUPER spoiler🌟,전원,,03.09,디저트 캐주얼 3종 세트(甜品休闲三件套),전원,,03.10,out fit check,전원, ,Say hello to #ILLIT,전원,,03.12,카메라에 슈퍼 이끌림,전원, ,03.13,REAL ME !!,윤아, ,03.15,주변에 이런 친구 있으면 태그 🙋‍♀️,전원, ,Acnestudios SS24 collection,전원,,03.17,Highlight Medley 'My World' (short ver.),전원, ,Highlight Medley 'Midnight Fiction' (short ver.),전원, ,Highlight Medley 'Lucky Girl Syndrome' (short ver.),전원, ,Highlight Medley 'Magnetic' (short ver.),전원, ,03.18,Play It, ILLIT,전원, ,03.19,Magnetic Cam 🧲📸,이로하, ,이건 마치 N극과 N극,윤아, ,03.20,dancing cat 🐱,이로하,,03.22,Magnetic preview🎧,전원,,03.23,소리가 진짜 다르네😳,민주, ,03.24,our SUPER REAL debut D-1 ☁️,전원,  ,03.25,THIS TIME ILLIT WANTS,전원,  ,03.26,#YUNAH World ☁️,윤아,,#MINJU World ☁️,민주,,#MOKA World ☁️,모카,,#WONHEE World ☁️,원희,,#IROHA World ☁️,이로하,,Like It's Magnetic💟,전원,  ,#희승 선배님을 만나뵙습니다🙇‍♀️,윤아, 민주,  ,내가 만든 하트에 슈퍼 이끌림😘,원희,  ,우리 진짜 데뷔했다!!!,전원,,3rd magnetic dance,전원,  ,03.27,try this SUPER REAL spedup ver ,전원,  ,니키 선배님과 SUPER DASH 🕺 ,이로하,  ,ILLIT 심장이 막 뛰어💓 ,전원,  ,만나서 반가워uuuu💟 ,전원,  ,재재 님과 챌린지 맞교환했습니다❤️ ,윤아, 원희,  ,03.28,SUPER REAL moving💨 ,전체,  ,MV behind the scenes✨ 아일릿에게로 슈퍼 이끌림🧲 ,전체,  ,ILLIT (아일릿) ‘Magnetic’ Dance Practice (Short Ver.) ,전체,  ,SUPER 이끌려🎀 ,민주, 윤아, 모카,  ,SUPER 막내즈 ,이로하, 원희,  ,SUPER lovely energy💕 ,민주, 윤아,  ,cinnamoroll!! We’re magnetized 인정할게 ૮ ・ﻌ・ა ,모카,,03.29,SUPER Magnetic heart💘 ,이로하,  ,This time 운학 선배님과🍀 ,원희, 이로하,  ,발소리만 들어도 SUPER 이끌림🧲 ,원희, 이로하,  ,역시 우린 Magnetic ,민주, 윤아,  ,SUPER 쉬운데? ,민주, 모카,  ,03.30,이현 스승님과 함께🤟 ,전원,  ,투어스 선배님과 함께 SUPER 이끌림 🕺💃 ,이로하, 모카,  ,03.31,Magnetic MV bts ,전원,  ,posing with this part✨ ,윤아, 원희, 이로하,  ,홍은채 선배님과 함께해서 심장이 막 뛰어💓 ,윤아,  ,네모난 세상 속 SUPER 동구람 ,모카, ,04.01,SUPER CUTE 소희 선배님과💂 ,민주, 모카,  ,infinite loop of Magnetic 💟 ,전원,  ,04.02,To my Magnetic besties💖 ,전원,  ,SUPER fairy🧚 설윤 선배님과 함께 ,민주,  ,Our 1st win 🧲 SUPER REAL thank you all❣️ ,전원, ,04.03,SUPER telepathy⚡ ,전원,  ,SUPER DASH with 주연 선배님🐱 ,모카, 이로하,  ,SUPER REAL Magnetic memory in paris ,전원,  ,04.04,I'm just trying to play it cool💫 ,원희,  ,🐰🐶🐱🧸 SUPER Magnetic with 투모로우바이투게더 선배님🙌 ,민주, 모카,  ,거대한 자̆석ગ 된 ටㅏ일યૂથ story를 ටㅏ⋌∣나요̆̈..ˀ (slowed ver.) ,전원, ,04.05,⚡🧲⚡ ,전원,  ,This is ILLIT world ,전원,  ,It's SUPER Magnetic✨ with 더보이즈 선배님 ,윤아,  ,This trend🕺 ,원희, 윤아,,04.06,Try this part with ,전원,,Magnetic memory in Sangam..✨ ,전원,  ,🩵🪽🦋🪼🐳🧊🌊🤍 ,전원,  ,04.07,ILLIT ➡️ 𝓜𝓪𝓰𝓲𝓬𝓪𝓵 𝓘𝓛𝓛𝓘𝓣 ,윤아,,민주,,모카,,원희,,이로하,,SUPER easy way to #Magnetic spedup challenge💥 ,민주, 윤아,  ,HERE is the result 🙌 ,민주, 윤아,  ,로하몬 원희몬 진화💓🧚 ,원희, 이로하, ,04.08,Wallpaper #ILLIT edition💘 ,전원,,🤍🩷 ,모카, 이로하,  ,우리 진짜 SUPER #Magnetic 👭 황수지 ,원희,  ,04.09,❥･• ૮꒰ྀི ⸝⸝ɞ̴̶̷ ·̫ ‹⸝⸝ ꒱ྀིა ,모카, ,PINK ILLIT 🎀🌸 ,윤아, 원희, 민주,  ,can u follow this speed?💥 ,모카, 이로하, 원희,  ,04.10,ILLIT's first stage of MyWorld ,전원,  ,this is #MyWorld 🦋 ,원희, 민주,  ,이게 진짜 REAL ILLIT🐬 ,모카, 이로하, 윤아,  ,04.11,아이키 스승님과 함께 SUPER DANCE ,모카, 이로하, 원희,  ,04.12,이 노래 들으면 행운이 찾아온대。:°ஐ ,민주,  ,This is 100% REAL Magic ,이로하,  ,04.13,Muah😘 ,모카,  ,IROHA is ready🔥 ,이로하,,04.14,HYBE tour with LuckyGirlSyndrome ,원희,  ,Magnetic の果てまで! 世界の果てまでイッテQ #ガンバレルーヤ (마그네틱의 끝까지! 세계의 끝까지 잇테 Q #감바렐루야) ,모카, 원희,  ,04.15,Who’s that lucky girl? ,윤아,  ,04.17,we're so LUCKY🍀 ,전원,  ,That's my girl💓 ,윤아, 민주,  ,woah 🤯🤩😮🫢😍 ,전원, ,Introduce our Lucky world🤞 ,원희, ,04.18,Mon to Sun I’m a Lucky Girl ,민주, ,오늘의 날씨는 맑음☀️ ,전원,  ,난 정말 LUCKY!❤️ ,원희, 모카, 이로하,  ,04.19,double LUCKY👭 ,민주, 윤아,  ,설렘이 1000%💓 ,원희,  ,#아이키 님과 함께라면 #SUPER_LUCKY❇️ ,민주, 윤아,  ,04.20,that's my girl🫵 ,이로하, 모카,  ,I'm so LUCKY with #쇼타로 선배님🍀 ,이로하,  ,LuckyGirlSyndrome MV bts📹  ,전원,  ,04.21,Lucky means being with #ILLIT ,전원, ,↳☋☾ϰ☿❡♗☈↳ⓢ☿♫◗☈⊙♔€   ,전원,  ,주문을 외워🍀 with &TEAM #EJ 선배님!  ,이로하, 원희,  ,04.22,몰래 행운 불어넣기.· ´¸.·*´¨) ¸.·*¨) ,전원, ,LuckyGirlSyndrome everywhere ,전원, ,완벽한🌞 딱맞는🎶 ,전원,  ,04.23,This trend with #Magnetic🕺 ,전원,  ,𝒸𝒾𝓉𝓎𝓃𝒾𝑔𝒽𝓉 🏙️ ,모카,  ,04.24,아 나 찍지 말라니까 ㅎ ,윤아, 원희, ,04.25,Choose your type! ,윤아, 원희,  ,04.26,I found this song!!📱 ,이로하,  ,04.27,super real me recap ,윤아,,민주,,모카,,원희,,이로하,,#Magnetic r&b ver🎶 ,민주,  ,04.28,UH-OH😜 ,전원,  ,웨이러미닛 이게 모찌♡ ,전원, ,04.30,Never let you know our next move😎 ,윤아, 민주, ,05.02,New trend of this sound😉 ,이로하, 모카, ,05.04,Love you Need you😘 ,원희, ,05.05,この曲かわいい〰️ ,모카, ,05.06,1, 2, 3 & to the IROHA💃 ,이로하,  ,05.07,두 유 마~희쭈 ,원희, 민주,  ,05.09,like this fit💗 ,윤아,  ,05.11,I’m not 19 anymore ,민주, ,HAPPY BIRTHDAY TO MINJU🎂 ,민주,,05.13,ILLIT in Tokyo🇯🇵 ,전원, ,05.14,meow. ,모카, 이로하,  ,05.16,인정할게 우린 最上級にかわいいの!(최상급에 귀엽다!) ,윤아, 이로하, 원희, ,05.20,Pov : when we go home🎵 ,전원, ,05.22,Kcon.zip ,전원,,05.24,Try this to your BFF ,윤아, 민주, ,05.26,My lucky charm is..?  ,민주, 이로하, ,05.27,ILLIT In Tokyo💞  ,전원, ,Let's dance💅 ,윤아,   ,05.28,リモコンを押すと？(리모컨을 누르면?) ,모카, 이로하, ,05.29,this stop is #IROHA ,이로하,  ,05.31,can't stop this #WONHEE ,원희, 민주, ,06.03,뀨-ꯁ ,모카,  ,06.04,KEEP GOING! ,모카, 이로하, ,Can’t stop laughing 😂 ,윤아, 민주, ,06.05,walk like me💅 ,윤아,  ,06.07,완벽한 입박자 ,원희, 이로하, ,✩ 🎀°.❀⋆⸜ 🌷 ,민주, 원희,  ,06.08,Memory haul 📷🥂🍴🇫🇷 ,모카, 원희, ,06.09,is it U? (˶• ֊ •˶) ,원희,  ,06.13,WONHEE'S GRWM for Festivals🎀 ,원희,,오늘 메이크업 어때요? 제가 했어요😚 ,원희, ,back to 2000's✨ ,모카, 이로하, ,06.15,festival makeup check💫 ,원희,,06.17,눈물로 중단된 데뷔 최종 점검 | 'SUPER REAL ILLIT' TEASER 1,전원,,데뷔 전 아일릿의 연습 마무리 루틴 | ‘SUPER REAL ILLIT’ TEASER 2,전원,,06.18,데뷔 날짜 처음 들은 아일릿 찐반응😲,전원,,쉬는 시간에 여고생 텐션 나오는 아일릿🤸🏻‍♀️,전원,,💙🪼🦋🧢🪽🌊,원희,,06.20,마그네틱 이것도 직접 불렀다고? ,윤아,,파워 N이 안무 짜면 생기는 일,전원,,06.21,마그네틱 녹음 1트에 끝내버리는 민주 ,민주,,아일릿 노력파 막내 이로하의 보컬 성장기,이로하,,come and get ur 💖 ,윤아, ,06.22,이 힙합 꼬마는 커서 아일릿 공식 춤짱이 됩니다 ,이로하,,아일릿 '마그네틱' 완성 과정,전원,,06.23,데뷔 앞둔 1년 차 연습생의 속마음 ,원희,,심심할 틈 없는 아일릿,전원,,THE CAMERA WORK✨ wanted to try this,민주, 모카, ,06.26,HAPPY BIRTHDAY TO WONHEE🎂 ,원희,,Finally, Finally, Finally.. It’s my b-day!!,원희, ,06.27,too bad😈 ,이로하, ,*미공개 영상* 카디비 랩이 포근해지는 매직,민주,,*미공개 영상* 아일릿 눈 뜨면 나랑 사귀는 거다,전원,,06.30,*미공개 영상* 스케일이 점점 커지는 아일릿의 상상 ,윤아, 민주, 원희,,*미공개 영상* 로고 공개에 행복해하는 붕방 강쥐들 ,전원,,*미공개 영상* 데뷔 전 각오를 다지는 아일릿 ,전원,,I have something to tell you..💞 ,원희,  ,07.01,*미공개 영상* 아일릿 눈 뜨면 나랑 사귀는 거다,전원,,with Magnetic😘,민주, 모카, ,07.02,Thank you Tik Tok! and 3M💕,전원, ,07.03,Ding-dong! ✨100 days✨,전원, ,07.04,수상할 정도로 스껄에 진심인 아일릿,전원,,07.08,#AYAKA 언니와 #Magnetic💞 #NiziU ,전원,  ,07.09,That’s that me #MOKA espresso☕️,모카,  ,서로를 너!!무 잘 아는 아일릿👩‍❤️‍💋‍👩,전원,,07.10,What I carry everyday😘,원희, ,07.11,막, 내가 좋아? 막내 이로하가 좋아,전원,,07.12,vegi.🥕,모카, ,07.13,*LITERALLY*,윤아, 원희, ,07.15,모카롱 케이쿠,모카, 이로하,  ,Love me 2(12),원희, ,07.16,🦋🦋🦋🦋,원희,  ,07.17,🌼💛,민주,  ,07.18,이것이.. 5세대의 캡쳐타임?,전원,,07.19,love you baby🌸,이로하, ,"
99,https://namu.wiki/w/ILLIT,https://namu.wiki/w/ILLIT,https://namu.wiki/w/ILLIT/%EC%88%8F%ED%8F%BC,1,6.2.1.,숏폼,활동/콘텐츠/숏폼//FOOTNOTES,EOD.,FOOTNOTES,,
100,https://namu.wiki/w/ILLIT,https://namu.wiki/w/ILLIT,https://namu.wiki/w/ILLIT/Weverse,1,6.2.2.,Weverse,활동/콘텐츠/Weverse//PROFILE,0.,PROFILE,,"ILLIT/Weverse,,입점일,2023년 9월 2일 (+330일),첫 LIVE,2023년 9월 2일 (+330일),가입자 수,687,653명(#fn-%ea%b8%b0%ec%a4%80; 2024년 4월 22일)링크,,"
101,https://namu.wiki/w/ILLIT,https://namu.wiki/w/ILLIT,https://namu.wiki/w/ILLIT/Weverse,1,6.2.2.,Weverse,활동/콘텐츠/Weverse//개요,1.,개요,,ILLIT의 Weverse 활동을 정리한 문서이다.
102,https://namu.wiki/w/ILLIT,https://namu.wiki/w/ILLIT,https://namu.wiki/w/ILLIT/Weverse,1,6.2.2.,Weverse,활동/콘텐츠/Weverse//LIVE,2.,LIVE,,해당 섹션에 대한 설명이 없거나 하위 문서로 대체됩니다.
103,https://namu.wiki/w/ILLIT,https://namu.wiki/w/ILLIT,https://namu.wiki/w/ILLIT/Weverse,1,6.2.2.,Weverse,활동/콘텐츠/Weverse//LIVE/2023년,2.1.,2023년,LIVE,"일자,방송명,멤버,비고,09.02,  [속보] 다들 집중! 아일릿 깜짝등장,전원,첫 LIVE 방송,10.08,  Happy MOKA Day☕️,모카, 원희, 이로하(#fn-2; 윤아, 민주 목소리 출연)모카 생일 기념,11.01,  어서오세요.,전원,,11.13,  벌써 온 영써의 벌써데이,윤아, 민주,생일 기념,  일자,방송명,멤버,비고,09.02,  [속보] 다들 집중! 아일릿 깜짝등장,전원,첫 LIVE 방송,10.08,  Happy MOKA Day☕️,모카, 원희, 이로하(#fn-2; 윤아, 민주 목소리 출연)모카 생일 기념,11.01,  어서오세요.,전원,,11.13,  벌써 온 영써의 벌써데이,윤아, 민주,생일 기념,"
104,https://namu.wiki/w/ILLIT,https://namu.wiki/w/ILLIT,https://namu.wiki/w/ILLIT/Weverse,1,6.2.2.,Weverse,활동/콘텐츠/Weverse//LIVE/2024년,2.2.,2024년,LIVE,"일자,방송명,멤버,비고,01.15,  산중 호걸이라하는 치타님의 생일날이 되어,윤아, 모카, 원희,윤아 생일 기념,02.04,  봄과 함께 날아온 이로하의 생일,윤아, 민주, 이로하,이로하 생일 기념,03.25,  ILLIT(아일릿) Debut Showcase 'SUPER REAL ME',전원,데뷔 기념 쇼케이스,03.26,  ILLIT(아일릿) 1st Mini Album ‘SUPER REAL ME’ DEBUT LIVE,데뷔 후 첫 LIVE 방송,03.31,  아일릿끌림🧲~~^^,,04.22,  늴리리야~~^^,,04.27,  막🥐,,05.11,  민댕이의 축하파티 2️⃣0️⃣🎉,민주, 모카, 원희,민주 생일 기념,05.14,  반 백.,전원,데뷔 50일 기념,06.26,  배짱이 원희짱의 생일짱🎸 ,모카, 원희, 이로하,원희 생일 기념,07.16,  안녕하세요(❤️🤭) ,원희, 윤아,,07.19,  안녕! ,원희,, 일자,방송명,멤버,비고,01.15,  산중 호걸이라하는 치타님의 생일날이 되어,윤아, 모카, 원희,윤아 생일 기념,02.04,  봄과 함께 날아온 이로하의 생일,윤아, 민주, 이로하,이로하 생일 기념,03.25,  ILLIT(아일릿) Debut Showcase 'SUPER REAL ME',전원,데뷔 기념 쇼케이스,03.26,  ILLIT(아일릿) 1st Mini Album ‘SUPER REAL ME’ DEBUT LIVE,데뷔 후 첫 LIVE 방송,03.31,  아일릿끌림🧲~~^^,,04.22,  늴리리야~~^^,,04.27,  막🥐,,05.11,  민댕이의 축하파티 2️⃣0️⃣🎉,민주, 모카, 원희,민주 생일 기념,05.14,  반 백.,전원,데뷔 50일 기념,06.26,  배짱이 원희짱의 생일짱🎸 ,모카, 원희, 이로하,원희 생일 기념,07.16,  안녕하세요(❤️🤭) ,원희, 윤아,,07.19,  안녕! ,원희,,"
105,https://namu.wiki/w/ILLIT,https://namu.wiki/w/ILLIT,https://namu.wiki/w/ILLIT/Weverse,1,6.2.2.,Weverse,활동/콘텐츠/Weverse//미정,3.,미정,,해당 섹션에 대한 설명이 없거나 하위 문서로 대체됩니다.
106,https://namu.wiki/w/ILLIT,https://namu.wiki/w/ILLIT,https://namu.wiki/w/ILLIT/Weverse,1,6.2.2.,Weverse,활동/콘텐츠/Weverse//미정/2024년,3.1.,2024년,미정,"날짜,제목,출연 멤버,비고,00.00,위버스 멤버십,전원,, 날짜,제목,출연 멤버,비고,00.00,위버스 멤버십,전원,,"
107,https://namu.wiki/w/ILLIT,https://namu.wiki/w/ILLIT,https://namu.wiki/w/ILLIT/Weverse,1,6.2.2.,Weverse,활동/콘텐츠/Weverse//For Weverse,4.,For Weverse,,해당 섹션에 대한 설명이 없거나 하위 문서로 대체됩니다.
108,https://namu.wiki/w/ILLIT,https://namu.wiki/w/ILLIT,https://namu.wiki/w/ILLIT/Weverse,1,6.2.2.,Weverse,활동/콘텐츠/Weverse//For Weverse/2023년,4.1.,2023년,For Weverse,"일자,제목,멤버,비고,10.08, HAPPY MOKA DAY,모카,모카 생일,10.27, [Behind Cut] I'LL LIKE IT - EP.1,전원,,11.03, [Behind Cut] I'LL LIKE IT - EP.2,,11.10, [Behind Cut] I'LL LIKE IT - EP.3,,11.17, [Behind Cut] I'LL LIKE IT - EP.4,,11.24, [Behind Cut] I'LL LIKE IT - EP.5,,12.01, [Behind Cut] I'LL LIKE IT - EP.6,, 일자,제목,멤버,비고,10.08, HAPPY MOKA DAY,모카,모카 생일,10.27, [Behind Cut] I'LL LIKE IT - EP.1,전원,,11.03, [Behind Cut] I'LL LIKE IT - EP.2,,11.10, [Behind Cut] I'LL LIKE IT - EP.3,,11.17, [Behind Cut] I'LL LIKE IT - EP.4,,11.24, [Behind Cut] I'LL LIKE IT - EP.5,,12.01, [Behind Cut] I'LL LIKE IT - EP.6,,"
109,https://namu.wiki/w/ILLIT,https://namu.wiki/w/ILLIT,https://namu.wiki/w/ILLIT/Weverse,1,6.2.2.,Weverse,활동/콘텐츠/Weverse//For Weverse/2024년,4.2.,2024년,For Weverse,"일자,제목,멤버,비고,01.15, HAPPY YUNAH DAY,윤아,윤아 생일,02.04, HAPPY IROHA DAY,이로하,이로하 생일,03.05, [Behind Cut] ILLIT 'SUPER REAL ME' Brand Film,전원,,03.08, [Behind Cut] ILLIT 'SUPER REAL ME' Concept Photo,,03.16, [Behind Cut] ILLIT SUPER REAL ME Film & Logo Film,,03.27, [Behind Cut] ILLIT (아일릿) 'Magnetic' MV Shoot,,04.06, 아일릿 Other Cuts - Group Shots,,04.09, [Behind Cut] ILLIT (아일릿) ‘KT Y’ Ads Shoot,,04.21, [Behind Cut] ILLIT (아일릿) ‘Lucky Girl Syndrome’ MV Shoot,,05.05, [Behind Cut] ILLIT (아일릿) DEBUT SHOW [ILLIT : I'LL (SHOW) IT],,05.10, [Behind Cut] ‘Magnetic’ MV Film Photos,,05.11, HAPPY MINJU DAY,민주,민주 생일,05.18, [Behind Cut] ILLIT (아일릿) 'SUPER REAL ME' Mini fan-meeting Photos,전원,,05.23, [Behind Cut] ILLIT (아일릿) Weverse Magazine Photo Shoot,,05.31, [Behind Cut] ILLIT (아일릿) 'Lucky Girl Syndrome' MV Film Photos,,06.26, HAPPY WONHEE DAY,원희,원희 생일,07.09, [Behind Cut] ILLIT (아일릿) ‘ SUPER ILLIT' EP.1~2,전원 ,07.12, [Behind Cut] ILLIT(아일릿) AliExpress 2024 Weverse Con Festival ❤︎,, 일자,제목,멤버,비고,01.15, HAPPY YUNAH DAY,윤아,윤아 생일,02.04, HAPPY IROHA DAY,이로하,이로하 생일,03.05, [Behind Cut] ILLIT 'SUPER REAL ME' Brand Film,전원,,03.08, [Behind Cut] ILLIT 'SUPER REAL ME' Concept Photo,,03.16, [Behind Cut] ILLIT SUPER REAL ME Film & Logo Film,,03.27, [Behind Cut] ILLIT (아일릿) 'Magnetic' MV Shoot,,04.06, 아일릿 Other Cuts - Group Shots,,04.09, [Behind Cut] ILLIT (아일릿) ‘KT Y’ Ads Shoot,,04.21, [Behind Cut] ILLIT (아일릿) ‘Lucky Girl Syndrome’ MV Shoot,,05.05, [Behind Cut] ILLIT (아일릿) DEBUT SHOW [ILLIT : I'LL (SHOW) IT],,05.10, [Behind Cut] ‘Magnetic’ MV Film Photos,,05.11, HAPPY MINJU DAY,민주,민주 생일,05.18, [Behind Cut] ILLIT (아일릿) 'SUPER REAL ME' Mini fan-meeting Photos,전원,,05.23, [Behind Cut] ILLIT (아일릿) Weverse Magazine Photo Shoot,,05.31, [Behind Cut] ILLIT (아일릿) 'Lucky Girl Syndrome' MV Film Photos,,06.26, HAPPY WONHEE DAY,원희,원희 생일,07.09, [Behind Cut] ILLIT (아일릿) ‘ SUPER ILLIT' EP.1~2,전원 ,07.12, [Behind Cut] ILLIT(아일릿) AliExpress 2024 Weverse Con Festival ❤︎,,"
110,https://namu.wiki/w/ILLIT,https://namu.wiki/w/ILLIT,https://namu.wiki/w/ILLIT/Weverse,1,6.2.2.,Weverse,활동/콘텐츠/Weverse//Weverse Magazine,5.,Weverse Magazine,,해당 섹션에 대한 설명이 없거나 하위 문서로 대체됩니다.
111,https://namu.wiki/w/ILLIT,https://namu.wiki/w/ILLIT,https://namu.wiki/w/ILLIT/Weverse,1,6.2.2.,Weverse,활동/콘텐츠/Weverse//Weverse Magazine/2024년,5.1.,2024년,Weverse Magazine,"날짜,분류,제목,멤버,03.26,FIRST+VIEW, 요즘 10대, 아일릿이 말하는 '나다움',전원,04.01,INTERVIEW, 이로하 ""사랑받고 있다는 걸 느끼는게 저에게는 행복이에요"",이로하,04.02,INTERVIEW, 원희 “이 시간만큼은 후회 없이 보내고 싶어요”,원희,04.03,INTERVIEW, 민주 “저를 좋아해주는 팬들이 궁금해요, 어떤 사람이든 제가 너무 좋아할 것 같지만”,민주,04.04,INTERVIEW, 윤아 “힘든 시간이 있기에 비로소 아름다운 결과물을 만들어낸 것 같아요.”,윤아,04.05,INTERVIEW, 모카 “좋은 팀이 될 수 있겠다는 생각이 들어요”,모카,04.08,INTERVIEW, 아일릿 플레이리스트 - 아일릿의 세계로 초대하는 음악들,전원,06.10,MAGAZINE, 럭키 Girl 아일릿 메이크업,전원,07.02,MAGAZINE, 아일릿의 위버스콘 페스티벌 도전 일기,전원, 날짜,분류,제목,멤버,03.26,FIRST+VIEW, 요즘 10대, 아일릿이 말하는 '나다움',전원,04.01,INTERVIEW, 이로하 ""사랑받고 있다는 걸 느끼는게 저에게는 행복이에요"",이로하,04.02,INTERVIEW, 원희 “이 시간만큼은 후회 없이 보내고 싶어요”,원희,04.03,INTERVIEW, 민주 “저를 좋아해주는 팬들이 궁금해요, 어떤 사람이든 제가 너무 좋아할 것 같지만”,민주,04.04,INTERVIEW, 윤아 “힘든 시간이 있기에 비로소 아름다운 결과물을 만들어낸 것 같아요.”,윤아,04.05,INTERVIEW, 모카 “좋은 팀이 될 수 있겠다는 생각이 들어요”,모카,04.08,INTERVIEW, 아일릿 플레이리스트 - 아일릿의 세계로 초대하는 음악들,전원,06.10,MAGAZINE, 럭키 Girl 아일릿 메이크업,전원,07.02,MAGAZINE, 아일릿의 위버스콘 페스티벌 도전 일기,전원,"
112,https://namu.wiki/w/ILLIT,https://namu.wiki/w/ILLIT,https://namu.wiki/w/ILLIT/Weverse,1,6.2.2.,Weverse,활동/콘텐츠/Weverse//FOOTNOTES,EOD.,FOOTNOTES,,"[기준] 2024년 4월 22일[2] 윤아, 민주 목소리 출연"
113,https://namu.wiki/w/ILLIT,https://namu.wiki/w/ILLIT,https://namu.wiki/w/ILLIT/%EA%B3%B5%EC%97%B0%20%EB%B0%8F%20%ED%96%89%EC%82%AC,1,6.3.,공연 및 행사,활동/공연 및 행사//개요,1.,개요,,ILLIT의 공연 및 행사를 서술한 문서이다.
114,https://namu.wiki/w/ILLIT,https://namu.wiki/w/ILLIT,https://namu.wiki/w/ILLIT/%EA%B3%B5%EC%97%B0%20%EB%B0%8F%20%ED%96%89%EC%82%AC,1,6.3.,공연 및 행사,활동/공연 및 행사//콘서트,2.,콘서트,,해당 섹션에 대한 설명이 없거나 하위 문서로 대체됩니다.
115,https://namu.wiki/w/ILLIT,https://namu.wiki/w/ILLIT,https://namu.wiki/w/ILLIT/%EA%B3%B5%EC%97%B0%20%EB%B0%8F%20%ED%96%89%EC%82%AC,1,6.3.,공연 및 행사,활동/공연 및 행사//콘서트/단독 콘서트,2.1.,단독 콘서트,콘서트,해당 섹션에 대한 설명이 없거나 하위 문서로 대체됩니다.
116,https://namu.wiki/w/ILLIT,https://namu.wiki/w/ILLIT,https://namu.wiki/w/ILLIT/%EA%B3%B5%EC%97%B0%20%EB%B0%8F%20%ED%96%89%EC%82%AC,1,6.3.,공연 및 행사,활동/공연 및 행사//콘서트/합동 콘서트 및 연말 시상식,2.2.,합동 콘서트 및 연말 시상식,콘서트,"날짜,공연명,장소,링크,2024년,05.12,2024 KCON JAPAN,ZOZO 마린 스타디움, 마쿠하리 멧세 국제전시장,공트1  공트2  릴레이 사랑고백 레드카펫  체크인  공연 전  공트2  1분요약  마그네틱  중간인터뷰  럭걸신  왓이즈럽  셀피뮤비,06.02,K-wave 콘서트 인기가요,인스파이어 엔터테인먼트 리조트 인스파이어 아레나, 디스커버리 파크,#(#fn-1; 2차 라인업 확정)현장포토인트로+마그네틱마그네틱+럭걸신06.15,2024 Weverse Con Festival,인스파이어 엔터테인먼트 리조트 인스파이어 아레나, 디스커버리 파크,인터뷰  #  마그네틱  럭걸신  미드나잇  디스코  날떠나지마  릴스,06.29 ~ 06.30,<쇼! 음악중심> in JAPAN,일본, 베루나 돔,##(#fn-2; 양일 다 나오는 걸로 확정)마그네틱럭걸신07.19,2024 TMEA 페스티벌,마카오 갤럭시 아레나,마이월드 마그네틱  럭걸신  미드나잇  중간+마무리  # 밋앤그릿,07.21,2024 SBS 가요대전: Summer,인스파이어 아레나,# #,08.22,2024 케이 월드 드림 어워즈,한국, 잠실실내체육관 ,#,10.12,일본 SBS 인기가요,일본, 도쿄 ,#,"
117,https://namu.wiki/w/ILLIT,https://namu.wiki/w/ILLIT,https://namu.wiki/w/ILLIT/%EA%B3%B5%EC%97%B0%20%EB%B0%8F%20%ED%96%89%EC%82%AC,1,6.3.,공연 및 행사,활동/공연 및 행사//팬미팅,3.,팬미팅,,해당 섹션에 대한 설명이 없거나 하위 문서로 대체됩니다.
118,https://namu.wiki/w/ILLIT,https://namu.wiki/w/ILLIT,https://namu.wiki/w/ILLIT/%EA%B3%B5%EC%97%B0%20%EB%B0%8F%20%ED%96%89%EC%82%AC,1,6.3.,공연 및 행사,활동/공연 및 행사//컴백쇼,4.,컴백쇼,,해당 섹션에 대한 설명이 없거나 하위 문서로 대체됩니다.
119,https://namu.wiki/w/ILLIT,https://namu.wiki/w/ILLIT,https://namu.wiki/w/ILLIT/%EA%B3%B5%EC%97%B0%20%EB%B0%8F%20%ED%96%89%EC%82%AC,1,6.3.,공연 및 행사,활동/공연 및 행사//컴백쇼/ILLIT : I'LL (SHOW) IT,4.1.,ILLIT : I'LL (SHOW) IT,컴백쇼,다음 문서로 대체 설명: https://namu.wiki/w/ILLIT%20:%20I'LL%20(SHOW)%20IT
120,https://namu.wiki/w/ILLIT,https://namu.wiki/w/ILLIT,https://namu.wiki/w/ILLIT/%EA%B3%B5%EC%97%B0%20%EB%B0%8F%20%ED%96%89%EC%82%AC,1,6.3.,공연 및 행사,활동/공연 및 행사//쇼케이스,5.,쇼케이스,,해당 섹션에 대한 설명이 없거나 하위 문서로 대체됩니다.
121,https://namu.wiki/w/ILLIT,https://namu.wiki/w/ILLIT,https://namu.wiki/w/ILLIT/%EA%B3%B5%EC%97%B0%20%EB%B0%8F%20%ED%96%89%EC%82%AC,1,6.3.,공연 및 행사,활동/공연 및 행사//쇼케이스/ILLIT DEBUT SHOWCASE,5.1.,ILLIT DEBUT SHOWCASE,쇼케이스,다음 문서로 대체 설명: https://namu.wiki/w/SUPER%20REAL%20ME
122,https://namu.wiki/w/ILLIT,https://namu.wiki/w/ILLIT,https://namu.wiki/w/ILLIT/%EA%B3%B5%EC%97%B0%20%EB%B0%8F%20%ED%96%89%EC%82%AC,1,6.3.,공연 및 행사,활동/공연 및 행사//팬사인회,6.,팬사인회,,"날짜,활동,링크,비고,2024년,04.05,‘SUPER REAL ME’ 팬사인회 안내 (메이크스타),# #,,04.06,‘SUPER REAL ME’ 팬사인회 안내 (엠투유),# #,,04.07,‘SUPER REAL ME’ 팬사인회 안내 (블루드림미디어),# #,,04.13,‘SUPER REAL ME’ 팬사인회 안내 (케이타운포유),# #,,04.14,‘SUPER REAL ME’ 팬사인회 안내 (뮤직코리아),# #,,04.19,‘SUPER REAL ME’ 팬사인회 안내 (뮤직플랜트),# #,,04.20,‘SUPER REAL ME’ 팬사인회 안내 (뮤직아트),# #,,04.27,‘SUPER REAL ME’ 팬사인회 안내 (뮤직앤드라마),# #,, 날짜,활동,링크,비고,2024년,04.05,‘SUPER REAL ME’ 팬사인회 안내 (메이크스타),# #,,04.06,‘SUPER REAL ME’ 팬사인회 안내 (엠투유),# #,,04.07,‘SUPER REAL ME’ 팬사인회 안내 (블루드림미디어),# #,,04.13,‘SUPER REAL ME’ 팬사인회 안내 (케이타운포유),# #,,04.14,‘SUPER REAL ME’ 팬사인회 안내 (뮤직코리아),# #,,04.19,‘SUPER REAL ME’ 팬사인회 안내 (뮤직플랜트),# #,,04.20,‘SUPER REAL ME’ 팬사인회 안내 (뮤직아트),# #,,04.27,‘SUPER REAL ME’ 팬사인회 안내 (뮤직앤드라마),# #,,"
123,https://namu.wiki/w/ILLIT,https://namu.wiki/w/ILLIT,https://namu.wiki/w/ILLIT/%EA%B3%B5%EC%97%B0%20%EB%B0%8F%20%ED%96%89%EC%82%AC,1,6.3.,공연 및 행사,활동/공연 및 행사//기타,7.,기타,,"날짜 ,공연/행사명 ,장소 ,링크 ,2024년,02.28,파리패션위크 Acne Studios 2024F/W 패션쇼,프랑스 파리, ,05.03,Rakuten GirlsAward 2024 SPRING/SUMMER,일본 국립 요요기 경기장 제일 체육관,공트  마이월드  마그네틱  럭키걸  풀버전  비하인드,05.09,한국외국어대학교 서울캠퍼스 봄축제  [Bloom : 꽃을 피우다],한국 한국외국어대학교 서울캠퍼스 운동장 , 공식 인스타  축전 영상  풀버전  마이월드  마그네틱  럭키걸  미드나잇,05.21,고려대학교 석탑 대동제,한국 고려대학교 서울캠퍼스 민주광장 , 공식 인스타  풀버전  마그네틱  럭키걸,05.23,한남대학교 청림 축제,한국 한남대학교 인사례 교양동(11번) 앞 중앙로 ,공식 인스타축전영상풀버전(#fn-3; 원희는 건강상의 이유로 불참하였다)05.25,연세대학교 아카라카,한국 연세대학교 신촌캠퍼스 노천극장 ,풀버전  라이브 버전  마이월드  마그네틱  럭키걸  미드나잇,08.02~09.15,HYBE x GRAMMY MUSEUM “HYBE : We Believe In Music,미국, 로스엔젤레스 ,링크,"
124,https://namu.wiki/w/ILLIT,https://namu.wiki/w/ILLIT,https://namu.wiki/w/ILLIT/%EA%B3%B5%EC%97%B0%20%EB%B0%8F%20%ED%96%89%EC%82%AC,1,6.3.,공연 및 행사,활동/공연 및 행사//FOOTNOTES,EOD.,FOOTNOTES,,[1] 2차 라인업 확정[2] 양일 다 나오는 걸로 확정[3] 원희는 건강상의 이유로 불참하였다
125,https://namu.wiki/w/ILLIT,https://namu.wiki/w/ILLIT,https://namu.wiki/w/ILLIT/%EA%B4%91%EA%B3%A0%20%EB%B0%8F%20%ED%99%94%EB%B3%B4,1,6.4.,광고 및 화보,활동/광고 및 화보//개요,1.,개요,,ILLIT이 참여한 광고 및 화보를 정리한 문서.
126,https://namu.wiki/w/ILLIT,https://namu.wiki/w/ILLIT,https://namu.wiki/w/ILLIT/%EA%B4%91%EA%B3%A0%20%EB%B0%8F%20%ED%99%94%EB%B3%B4,1,6.4.,광고 및 화보,활동/광고 및 화보//광고 목록,2.,광고 목록,," ILLIT 광고 목록,브랜드명,광고명,분류,출연 멤버,비고,2024년,,2024 S/S 캠페인 ,패션,전원,  ,,KTY,이동통신,데뷔 후 첫 상업광고   민주 원희 모카 윤아 이로하,,2024 포카리스웨트, 있는 그대로 파랑하자,음료,원희,티저 풀버전 메이킹필름  숏츠1 숏츠2 캠페인,바이오더마,클렌징워터,뷰티,전원,       ,,,패션,전원(#fn-1; 트레저와 공동모델) ,"
127,https://namu.wiki/w/ILLIT,https://namu.wiki/w/ILLIT,https://namu.wiki/w/ILLIT/%EA%B4%91%EA%B3%A0%20%EB%B0%8F%20%ED%99%94%EB%B3%B4,1,6.4.,광고 및 화보,활동/광고 및 화보//화보 목록,3.,화보 목록,," ILLIT 화보 목록,발행일,잡지명 (호수),촬영 멤버,비고,2024년,03. 22., 일본 행정구 속령  5월호,전원,,04. 01., 대한민국 행정구 속령  (SUPER ELLE 4월호 특별판 커버 화보&인터뷰),  ,05. 23., 일본 행정구 속령  (7월호),,05. 28., 대한민국 행정구 속령  (5월호),링크     ,"
128,https://namu.wiki/w/ILLIT,https://namu.wiki/w/ILLIT,https://namu.wiki/w/ILLIT/%EA%B4%91%EA%B3%A0%20%EB%B0%8F%20%ED%99%94%EB%B3%B4,1,6.4.,광고 및 화보,활동/광고 및 화보//홍보대사 목록,4.,홍보대사 목록,,해당 섹션에 대한 설명이 없거나 하위 문서로 대체됩니다.
129,https://namu.wiki/w/ILLIT,https://namu.wiki/w/ILLIT,https://namu.wiki/w/ILLIT/%EA%B4%91%EA%B3%A0%20%EB%B0%8F%20%ED%99%94%EB%B3%B4,1,6.4.,광고 및 화보,활동/광고 및 화보//콜라보레이션 목록,5.,콜라보레이션 목록,,해당 섹션에 대한 설명이 없거나 하위 문서로 대체됩니다.
130,https://namu.wiki/w/ILLIT,https://namu.wiki/w/ILLIT,https://namu.wiki/w/ILLIT/%EA%B4%91%EA%B3%A0%20%EB%B0%8F%20%ED%99%94%EB%B3%B4,1,6.4.,광고 및 화보,활동/광고 및 화보//FOOTNOTES,EOD.,FOOTNOTES,,[1] 트레저와 공동모델
131,https://namu.wiki/w/ILLIT,https://namu.wiki/w/ILLIT,https://namu.wiki/w/ILLIT/%EC%88%98%EC%83%81%20%EA%B2%BD%EB%A0%A5,1,7.,수상 경력,수상 경력//개요,1.,개요,,ILLIT의 수상 경력을 정리한 문서.
132,https://namu.wiki/w/ILLIT,https://namu.wiki/w/ILLIT,https://namu.wiki/w/ILLIT/%EC%88%98%EC%83%81%20%EA%B2%BD%EB%A0%A5,1,7.,수상 경력,수상 경력//음악 방송 1위,2.,음악 방송 1위,,해당 섹션에 대한 설명이 없거나 하위 문서로 대체됩니다.
133,https://namu.wiki/w/ILLIT,https://namu.wiki/w/ILLIT,https://namu.wiki/w/ILLIT/%EC%88%98%EC%83%81%20%EA%B2%BD%EB%A0%A5,1,7.,수상 경력,수상 경력//음악 방송 1위/누적,2.1.,누적,음악 방송 1위," 음악 방송별 1위 수상 횟수,방송사,프로그램,1위 횟수,트리플 크라운 횟수,,,2회,-,,,1회,,,2회,,,1회,,,3회,1회,,,3회,1회,합계,12회,2회,"
134,https://namu.wiki/w/ILLIT,https://namu.wiki/w/ILLIT,https://namu.wiki/w/ILLIT/%EC%88%98%EC%83%81%20%EA%B2%BD%EB%A0%A5,1,7.,수상 경력,수상 경력//음악 방송 1위/날짜별,2.2.,날짜별,음악 방송 1위,"음악 방송 수상,날짜,곡명,프로그램,앵콜,비고,2024년 (12관왕),4월 2일,Magnetic12관왕,,,데뷔 첫 1위(#fn-1; 데뷔 9일차에 달성.)더 쇼 첫 1위4월 9일,,첫 2주 연속 1위,4월 13일,,,지상파 음악방송 첫 1위(#fn-2; 데뷔 20일차에 달성.)쇼! 음악중심 첫 1위4월 17일,,(#fn-%eb%af%b8%ec%b6%9c%ec%97%b0; )쇼챔피언 첫 1위,4월 18일,,,엠 카운트다운 첫 1위,4월 19일,,(#fn-%ea%b2%b0%eb%b0%a9; )뮤직뱅크 첫 1위,4월 20일,,,2주 연속 1위,4월 21일,,,인기가요 첫 1위(#fn-5; 걸그룹 데뷔곡 역대 최초 6대 음악 방송 올킬 달성)4월 25일,,(#fn-%eb%af%b8%ec%b6%9c%ec%97%b0; )2주 연속 1위,4월 27일,,첫 트리플 크라운,4월 28일,,2주 연속 1위,5월 5일,(#fn-%ed%99%9c%eb%8f%99%ec%a2%85%eb%a3%8c; )트리플 크라운, 음악 방송 수상,날짜,곡명,프로그램,앵콜,비고,2024년 (12관왕),4월 2일,Magnetic12관왕,,,데뷔 첫 1위(#fn-1; 데뷔 9일차에 달성.)더 쇼 첫 1위4월 9일,,첫 2주 연속 1위,4월 13일,,,지상파 음악방송 첫 1위(#fn-2; 데뷔 20일차에 달성.)쇼! 음악중심 첫 1위4월 17일,,(#fn-%eb%af%b8%ec%b6%9c%ec%97%b0; )쇼챔피언 첫 1위,4월 18일,,,엠 카운트다운 첫 1위,4월 19일,,(#fn-%ea%b2%b0%eb%b0%a9; )뮤직뱅크 첫 1위,4월 20일,,,2주 연속 1위,4월 21일,,,인기가요 첫 1위(#fn-5; 걸그룹 데뷔곡 역대 최초 6대 음악 방송 올킬 달성)4월 25일,,(#fn-%eb%af%b8%ec%b6%9c%ec%97%b0; )2주 연속 1위,4월 27일,,첫 트리플 크라운,4월 28일,,2주 연속 1위,5월 5일,(#fn-%ed%99%9c%eb%8f%99%ec%a2%85%eb%a3%8c; )트리플 크라운,"
135,https://namu.wiki/w/ILLIT,https://namu.wiki/w/ILLIT,https://namu.wiki/w/ILLIT/%EC%88%98%EC%83%81%20%EA%B2%BD%EB%A0%A5,1,7.,수상 경력,수상 경력//시상식,3.,시상식,,해당 섹션에 대한 설명이 없거나 하위 문서로 대체됩니다.
136,https://namu.wiki/w/ILLIT,https://namu.wiki/w/ILLIT,https://namu.wiki/w/ILLIT/%EC%88%98%EC%83%81%20%EA%B2%BD%EB%A0%A5,1,7.,수상 경력,수상 경력//여담,4.,여담,,"데뷔곡으로6대 음악 방송 1위를 달성한 역대최초걸그룹이다.(#fn-8; 전체로 보면, Wanna One의 에너제틱 (Energetic)에 이은 역대 두 번째 달성이다.)  데뷔곡으로지상파3사음악방송1위를 모두 수상한 역대네 번째걸그룹이다.(#fn-9; ITZY의 달라달라, IVE의 ELEVEN, NewJeans의 Attention의 뒤를 잇는 달성이다.)  데뷔곡으로 총12관왕을 달성했다. 이는 역대걸그룹데뷔곡 중두 번째로 높은 기록이며, 전체로 보면 역대3위에 해당한다.(#fn-10; 전체 가수 데뷔곡 1위는 Wanna One의 에너제틱 (Energetic) 15관왕이며, 걸그룹 데뷔곡 1위이자 전체 2위는 IVE의 ELEVEN 13관왕이다.)"
137,https://namu.wiki/w/ILLIT,https://namu.wiki/w/ILLIT,https://namu.wiki/w/ILLIT/%EC%88%98%EC%83%81%20%EA%B2%BD%EB%A0%A5,1,7.,수상 경력,수상 경력//FOOTNOTES,EOD.,FOOTNOTES,,"[1] 데뷔 9일차에 달성.[2] 데뷔 20일차에 달성.[미출연] 3.1 3.2 [결방] [5] 걸그룹 데뷔곡 역대 최초 6대 음악 방송 올킬 달성[활동종료] [8] 전체로 보면, Wanna One의 에너제틱 (Energetic)에 이은 역대 두 번째 달성이다.[9] ITZY의 달라달라, IVE의 ELEVEN, NewJeans의 Attention의 뒤를 잇는 달성이다.[10] 전체 가수 데뷔곡 1위는 Wanna One의 에너제틱 (Energetic) 15관왕이며, 걸그룹 데뷔곡 1위이자 전체 2위는 IVE의 ELEVEN 13관왕이다."
138,https://namu.wiki/w/ILLIT,,https://namu.wiki/w/ILLIT,0,,,빌보드,8.,빌보드,,해당 섹션에 대한 설명이 없거나 하위 문서로 대체됩니다.
139,https://namu.wiki/w/ILLIT,,https://namu.wiki/w/ILLIT,0,,,빌보드/빌보드 Hot 100,8.1.,빌보드 Hot 100,빌보드," BILLBOARD HOT 100,순서,연도,곡명,최고 순위,차트인,비고,1,2024,Magnetic,91위,1주,(#fn-6; ILLIT의 빌보드 핫 100 데뷔 곡)(#fn-%ec%bb%a4%eb%a6%ac%ec%96%b4%ed%95%98%ec%9d%b4; ) 신인 그룹이 데뷔곡으로 빌보드 핫 100에 진입한 건 K-POP 역사상 처음이다. 아일릿, K팝 새 역사 쓴 하이브 막내딸…데뷔곡으로 '빌보드 핫100' 입성   BILLBOARD HOT 100,순서,연도,곡명,최고 순위,차트인,비고,1,2024,Magnetic,91위,1주,(#fn-6; ILLIT의 빌보드 핫 100 데뷔 곡)(#fn-%ec%bb%a4%eb%a6%ac%ec%96%b4%ed%95%98%ec%9d%b4; )"
140,https://namu.wiki/w/ILLIT,,https://namu.wiki/w/ILLIT,0,,,빌보드/빌보드 200,8.2.,빌보드 200,빌보드," BILLBOARD 200,순서,연도,앨범명,최고 순위,차트인,비고,1,2024,《SUPER REAL ME》,93위,1주,(#fn-8; ILLIT의 빌보드 200 데뷔 앨범)(#fn-%ec%bb%a4%eb%a6%ac%ec%96%b4%ed%95%98%ec%9d%b4; )  BILLBOARD 200,순서,연도,앨범명,최고 순위,차트인,비고,1,2024,《SUPER REAL ME》,93위,1주,(#fn-8; ILLIT의 빌보드 200 데뷔 앨범)(#fn-%ec%bb%a4%eb%a6%ac%ec%96%b4%ed%95%98%ec%9d%b4; )"
141,https://namu.wiki/w/ILLIT,,https://namu.wiki/w/ILLIT,0,,,빌보드/빌보드 글로벌 200,8.3.,빌보드 글로벌 200,빌보드," BILLBOARD GLOBAL 200,순서,연도,곡명,최고 순위,차트인,비고,1,2024,Magnetic,6위,17주,(#fn-10; ILLIT의 빌보드 Global 200 데뷔 곡)(#fn-%ec%bb%a4%eb%a6%ac%ec%96%b4%ed%95%98%ec%9d%b4; )  BILLBOARD GLOBAL 200,순서,연도,곡명,최고 순위,차트인,비고,1,2024,Magnetic,6위,17주,(#fn-10; ILLIT의 빌보드 Global 200 데뷔 곡)(#fn-%ec%bb%a4%eb%a6%ac%ec%96%b4%ed%95%98%ec%9d%b4; )"
142,https://namu.wiki/w/ILLIT,,https://namu.wiki/w/ILLIT,0,,,빌보드/빌보드 글로벌 200 (미국 제외),8.4.,빌보드 글로벌 200 (미국 제외),빌보드," BILLBOARD GLOBAL 200 (Excl. US),순서,연도,곡명,최고 순위,차트인,비고,1,2024,Magnetic,2위,17주,(#fn-12; ILLIT의 빌보드 글로벌 200 (미국 제외) 데뷔 곡)(#fn-%ec%bb%a4%eb%a6%ac%ec%96%b4%ed%95%98%ec%9d%b4; )  BILLBOARD GLOBAL 200 (Excl. US),순서,연도,곡명,최고 순위,차트인,비고,1,2024,Magnetic,2위,17주,(#fn-12; ILLIT의 빌보드 글로벌 200 (미국 제외) 데뷔 곡)(#fn-%ec%bb%a4%eb%a6%ac%ec%96%b4%ed%95%98%ec%9d%b4; )"
143,https://namu.wiki/w/ILLIT,https://namu.wiki/w/ILLIT,https://namu.wiki/w/ILLIT/%ED%8C%AC%EB%8D%A4,1,9.,팬덤,팬덤//PROFILE,0.,PROFILE,,"미정(ILLIT/팬덤),,ILLIT의 팬덤,공식 팬클럽,1기,2024년 ??월 ??일 ~,"
144,https://namu.wiki/w/ILLIT,https://namu.wiki/w/ILLIT,https://namu.wiki/w/ILLIT/%ED%8C%AC%EB%8D%A4,1,9.,팬덤,팬덤//소개,1.,소개,,걸그룹 ILLIT의 공식 팬덤 문서이다.
145,https://namu.wiki/w/ILLIT,https://namu.wiki/w/ILLIT,https://namu.wiki/w/ILLIT/%ED%8C%AC%EB%8D%A4,1,9.,팬덤,팬덤//의미,2.,의미,,해당 섹션에 대한 설명이 없거나 하위 문서로 대체됩니다.
146,https://namu.wiki/w/ILLIT,https://namu.wiki/w/ILLIT,https://namu.wiki/w/ILLIT/%ED%8C%AC%EB%8D%A4,1,9.,팬덤,팬덤//응원법,3.,응원법,,다음 문서로 대체 설명: https://namu.wiki/w/ILLIT/%EC%9D%91%EC%9B%90%EB%B2%95
147,https://namu.wiki/w/ILLIT,https://namu.wiki/w/ILLIT,https://namu.wiki/w/ILLIT/%ED%8C%AC%EB%8D%A4,1,9.,팬덤,팬덤//굿즈,4.,굿즈,,해당 섹션에 대한 설명이 없거나 하위 문서로 대체됩니다.
148,https://namu.wiki/w/ILLIT,https://namu.wiki/w/ILLIT,https://namu.wiki/w/ILLIT/%ED%8C%AC%EB%8D%A4,1,9.,팬덤,팬덤//ILLIT 팬인 인물,5.,ILLIT 팬인 인물,,"말왕 (인터넷 방송인)본인의 라이브 방송에서 ""저 아일릿이 그냥 좋아요!!! 내맘에 들어왔어!!"" 라는 발언 등으로 팬심을 드러냈다. 본인의 라이브 방송, 유튜브 영상에서 아 매그내릭 Magnetic을 열창하는 모습도 자주 보인다. # #"
149,https://namu.wiki/w/ILLIT,https://namu.wiki/w/ILLIT,https://namu.wiki/w/ILLIT/%ED%8C%AC%EB%8D%A4,1,9.,팬덤,팬덤//여담,6.,여담,,"2024년 3월 2일 팬클럽명 공모를 시작하였다.# 응모 기간은 3월 2일~3월 8일까지였으며 결과 발표는 추후 안내 예정이였다.  멤버들이 주간아이돌에서 직접 언급한 임시 팬덤명은 유일릿(YUILLIT)이였다.  2024년4월 21일위버스 라이브를 통해 공식 팬덤명이 발표되었으나,선배 가수와 이름이 겹친다는 이유로 다시 선정한다고 말했다.(#fn-1; 이후 다시 선정하였지만, BLACKPINK 멤버 리사의 개인 팬덤명과 겹쳐서 또 다시 결정한다고 말했다.)"
150,https://namu.wiki/w/ILLIT,https://namu.wiki/w/ILLIT,https://namu.wiki/w/ILLIT/%ED%8C%AC%EB%8D%A4,1,9.,팬덤,팬덤//FOOTNOTES,EOD.,FOOTNOTES,,"[1] 이후 다시 선정하였지만, BLACKPINK 멤버 리사의 개인 팬덤명과 겹쳐서 또 다시 결정한다고 말했다."
151,https://namu.wiki/w/ILLIT,https://namu.wiki/w/ILLIT,https://namu.wiki/w/ILLIT/%EC%9D%91%EC%9B%90%EB%B2%95,1,9.1.,응원법,팬덤/응원법//개요,1.,개요,,빌리프랩 걸그룹 ILLIT의 응원법을 설명하는 문서이다. 볼드체 처리 되어 있는 부분을 말하여 응원한다. ILLIT 공식 유튜브 및 Weverse의 응원법을 기준으로 한다.
152,https://namu.wiki/w/ILLIT,https://namu.wiki/w/ILLIT,https://namu.wiki/w/ILLIT/%EC%9D%91%EC%9B%90%EB%B2%95,1,9.1.,응원법,팬덤/응원법//미니 1집 《SUPER REAL ME》,2.,미니 1집 《SUPER REAL ME》,,해당 섹션에 대한 설명이 없거나 하위 문서로 대체됩니다.
153,https://namu.wiki/w/ILLIT,https://namu.wiki/w/ILLIT,https://namu.wiki/w/ILLIT/%EC%9D%91%EC%9B%90%EB%B2%95,1,9.1.,응원법,팬덤/응원법//미니 1집 《SUPER REAL ME》/My world,2.1.,My world,미니 1집 《SUPER REAL ME》,
154,https://namu.wiki/w/ILLIT,https://namu.wiki/w/ILLIT,https://namu.wiki/w/ILLIT/%EC%9D%91%EC%9B%90%EB%B2%95,1,9.1.,응원법,팬덤/응원법//미니 1집 《SUPER REAL ME》/Magnetic,2.2.,Magnetic,미니 1집 《SUPER REAL ME》,
155,https://namu.wiki/w/ILLIT,https://namu.wiki/w/ILLIT,https://namu.wiki/w/ILLIT/%EC%9D%91%EC%9B%90%EB%B2%95,1,9.1.,응원법,팬덤/응원법//미니 1집 《SUPER REAL ME》/Lucky Girl Syndrome,2.3.,Lucky Girl Syndrome,미니 1집 《SUPER REAL ME》,
156,https://namu.wiki/w/ILLIT,https://namu.wiki/w/ILLIT,https://namu.wiki/w/ILLIT/%EC%9D%91%EC%9B%90%EB%B2%95,1,9.1.,응원법,팬덤/응원법//FOOTNOTES,EOD.,FOOTNOTES,,
157,https://namu.wiki/w/ILLIT,https://namu.wiki/w/ILLIT,https://namu.wiki/w/ILLIT/%EA%B5%BF%EC%A6%88,1,9.2.,굿즈,팬덤/굿즈//소개,1.,소개,,걸그룹 ILLIT의 공식 굿즈들을 정리한 문서이다.
158,https://namu.wiki/w/ILLIT,https://namu.wiki/w/ILLIT,https://namu.wiki/w/ILLIT/%EA%B5%BF%EC%A6%88,1,9.2.,굿즈,팬덤/굿즈//위버스샵,2.,위버스샵,,위버스 샵 아일릿 페이지(글로벌)
159,https://namu.wiki/w/ILLIT,https://namu.wiki/w/ILLIT,https://namu.wiki/w/ILLIT/%EA%B5%BF%EC%A6%88,1,9.2.,굿즈,팬덤/굿즈//위버스샵/'SUPER REAL ME' MD,2.1.,'SUPER REAL ME' MD,위버스샵,"     출처 - 위버스샵, 아카이브 공지사항 - 위버스샵, 아카이브 , , , , , ,"
160,https://namu.wiki/w/ILLIT,https://namu.wiki/w/ILLIT,https://namu.wiki/w/ILLIT/%EA%B5%BF%EC%A6%88,1,9.2.,굿즈,팬덤/굿즈//FOOTNOTES,EOD.,FOOTNOTES,,
161,https://namu.wiki/w/ILLIT,,https://namu.wiki/w/ILLIT,0,,,여담,10.,여담,,"빌리프랩에서 처음으로 선보이는 걸그룹이자 HYBE LABELS에서 데뷔하는 3번째 걸그룹이다.  본래영서를 포함한 6인조 그룹으로 데뷔 예정이었으나,빌리프랩과영서의 향후 활동에 대한 심도 있는 논의 끝에 전속계약을 종료하기로 합의했다""고 밝히며 최종 5인조로 데뷔하게 되었다.(#fn-14;  '하이브 신인' 영서 데뷔 불발…그룹 아일릿, 5인 체제로 활동)  알유넥스트가 종영된2023년9월 1일에 그룹이 결성되었으나, 약 7개월이 지난2024년3월 25일최종 데뷔했다. 서바이벌 프로그램으로 결성된 아이돌 그룹이 보통 2~5개월 안에 데뷔하는 것을 생각하면 꽤 오래 걸린 셈이다.(#fn-15; 이는 후술한대로 로틴/차이돌 근접그룹과의 차이를 형성한 원인으로도 작용했다.)  알유넥스트 직후 발표했던 영문 표기는 I'LL-IT이었다. 이후 특수문자를 모두 빼고 ILLIT으로 변경했다.  데뷔일인2024년3월 25일기준, 멤버들의 평균 나이는 만 18세다. (윤아20세,민주19세,모카19세,원희16세,이로하16세)(#fn-16; 당연히 NewJeans도 포함한 여러 로틴/차이돌 근접 그룹들에 비해서는 평균연령은 높은 편이지만 청소년기 연령인것은 동일하다.)(#fn-17; 전항에서의 지적을 참조해 데뷔시기가 빨랐다면 만 17세로 다른 로틴/차이돌 항목의 근접 그룹과 유사할 수 있었다.)  알유넥스트 Weverse 커뮤니티를 최종 데뷔조인 ILLIT이 그대로 이어 받아서 사용하고 있다. 빌리프랩 직속 선배 그룹인 ENHYPEN도 I-LAND를 통해 데뷔하여, 해당 I-LAND Weverse 커뮤니티를 그대로 ENHYPEN Weverse 커뮤니티로 이어서 사용하고 있다.  팀 내 AB형이 없다. A형: 윤아, 원희, 이로하 B형: 모카 O형: 민주  멤버 전원 생월이 겹치지 않는다.(#fn-18; 윤아 1월, 민주 5월, 모카 10월, 원희 6월, 이로하 2월)  숙소 룸메이트는 윤아, 원희 / 모카, 이로하 / 민주이다.#1 #2 #3  2024년 3월 31일, 위버스 라이브에서 ""아일릿은 공식 리더는 없다""고 밝혔다. 멤버 각자 책임감을 가지고 모두가 리더라는 마음으로 함께 한다고 말했다.  멤버 전원언니가 없다. 남매지간인 멤버가 과반수(#fn-19; 윤아, 민주, 원희)를 차지한다.(#fn-20; 윤아는 남동생이 있고, 민주와 원희는 오빠가 있고, 모카는 여동생이 있으며 이로하는 외동이다.) "
162,https://namu.wiki/w/ILLIT,https://namu.wiki/w/ILLIT,https://namu.wiki/w/ILLIT/%EB%85%BC%EB%9E%80%20%EB%B0%8F%20%EC%82%AC%EA%B1%B4%20%EC%82%AC%EA%B3%A0,1,11.,논란 및 사건 사고,논란 및 사건 사고//개요,1.,개요,,걸그룹 ILLIT의 논란 및 사건 사고를 기록하는 문서.
163,https://namu.wiki/w/ILLIT,https://namu.wiki/w/ILLIT,https://namu.wiki/w/ILLIT/%EB%85%BC%EB%9E%80%20%EB%B0%8F%20%EC%82%AC%EA%B1%B4%20%EC%82%AC%EA%B3%A0,1,11.,논란 및 사건 사고,논란 및 사건 사고//그룹,2.,그룹,,해당 섹션에 대한 설명이 없거나 하위 문서로 대체됩니다.
164,https://namu.wiki/w/ILLIT,https://namu.wiki/w/ILLIT,https://namu.wiki/w/ILLIT/%EB%85%BC%EB%9E%80%20%EB%B0%8F%20%EC%82%AC%EA%B1%B4%20%EC%82%AC%EA%B3%A0,1,11.,논란 및 사건 사고,논란 및 사건 사고//그룹/팬덤명 LILLY 논란,2.1.,팬덤명 LILLY 논란,그룹,"아일릿, 팬클럽 이름 정하기 어렵네…걸그룹 선배와 겹쳐 변경 [뉴시스] 아일릿, '겹치기 논란'에 팬덤명 또 바꾼다...""여러 우려 고려"" [한국일보] 2024년 4월 21일, Weverse 라이브로 팬덤명 LILLY가 발표된 이후, 타 기획사 걸그룹 NMIXX에서 활동 중인 릴리의 한글 활동명과 ILLIT의 팬덤명이 겹친다는 주장이 제기되었다.2024년 4월 22일, ILLIT 공식 X 계정에서는 관련 논란을 인식했는지, LILLYs(한글 표기 릴리즈)가 사용된 게시물을 업로드했다. 관련 게시물 하지만 이 릴리즈라는 이름 역시 타 기획사 걸그룹 BLACKPINK 리사의 개인 팬덤명 이름과 겹쳐 논란이 발생했다. #결국 2024년 4월 22일 소속사는 팬 커뮤니티 플랫폼 Weverse에 ""팬클럽명 공개 이후 제기된 여러 우려 의견들을 고려해, 공식 팬클럽명을 다시 선정하기로 결정했다""고 공지했다."
165,https://namu.wiki/w/ILLIT,https://namu.wiki/w/ILLIT,https://namu.wiki/w/ILLIT/%EB%85%BC%EB%9E%80%20%EB%B0%8F%20%EC%82%AC%EA%B1%B4%20%EC%82%AC%EA%B3%A0,1,11.,논란 및 사건 사고,논란 및 사건 사고//그룹/NewJeans 관련 논란,2.2.,NewJeans 관련 논란,그룹,해당 섹션에 대한 설명이 없거나 하위 문서로 대체됩니다.
166,https://namu.wiki/w/ILLIT,https://namu.wiki/w/ILLIT,https://namu.wiki/w/ILLIT/%EB%85%BC%EB%9E%80%20%EB%B0%8F%20%EC%82%AC%EA%B1%B4%20%EC%82%AC%EA%B3%A0,1,11.,논란 및 사건 사고,논란 및 사건 사고//그룹/NewJeans 관련 논란/콘셉트 및 안무 모방 논란,2.2.1.,콘셉트 및 안무 모방 논란,그룹/NewJeans 관련 논란,다음 문서로 대체 설명: https://namu.wiki/w/%EB%AF%BC%ED%9D%AC%EC%A7%84-HYBE%20%EA%B0%84%20ADOR%20%EA%B2%BD%EC%98%81%EA%B6%8C%20%EB%B6%84%EC%9F%81
167,https://namu.wiki/w/ILLIT,https://namu.wiki/w/ILLIT,https://namu.wiki/w/ILLIT/%EB%85%BC%EB%9E%80%20%EB%B0%8F%20%EC%82%AC%EA%B1%B4%20%EC%82%AC%EA%B3%A0,1,11.,논란 및 사건 사고,논란 및 사건 사고//그룹/NewJeans 관련 논란/악플러 팔로우 논란,2.2.2.,악플러 팔로우 논란,그룹/NewJeans 관련 논란,"아일릿 공계, 뉴진스 ‘역바이럴’ 계정 팔로우 ‘시끌’ - 스포츠경향 2024년 5월 20일 아일릿의 공식X계정(#fn-4; 해당 계정은 멤버들까지 직접 참여해 운영하는 계정이긴 하나, 몇몇 트윗 작성을 제외하고는 회사가 운영한다.)이 뉴진스 표절 루머와 관련한 악성 루머 게시글을 올리는 계정(#fn-5; 해당 계정은 현재 비공개 처리 된 상태이다.)을 팔로우하였다.하지만 해당 계정을 팔로우 한 건 멤버들이 아닌 회사 측에서 한 것으로 추정되는데, 이는 멤버들이 트윗을 쓰더라도 직원이 검토 후 트윗을 올리고 트윗을 올리는 것은 주로 직원들이 올리기 때문에 아일릿 멤버가 해당 계정을 팔로우 했을 확률은 0에 가깝다.이에 해당 계정의 주인이 아일릿이 나를 팔로우 했다며 아일릿이 팔로우한 장면을 캡쳐해 X에 게시하였고 이후 논란이 일자 아일릿은 해당 계정을 언팔로우한 상태이다.(#fn-6; 현재 아일릿이 팔로우한 X 계정은 하이브, 빌리프랩, 엔하이픈, 아일릿, 아일릿 재팬의 공식 계정으로 총 5개이다.)아이돌 공식 계정의 팔로우 실수는 드물지 않게 일어나는 일이긴 하나민희진-HYBE 간 ADOR 경영권 분쟁이 진행 중이고, 아일릿이 뉴진스의 안무, 포뮬러를 카피했다는 논란이 있는 와중에 뉴진스의 관한 악의적 루머를 생성하는 계정을 팔로우하는 사건이 벌어지면서 화제가 되었다."
168,https://namu.wiki/w/ILLIT,https://namu.wiki/w/ILLIT,https://namu.wiki/w/ILLIT/%EB%85%BC%EB%9E%80%20%EB%B0%8F%20%EC%82%AC%EA%B1%B4%20%EC%82%AC%EA%B3%A0,1,11.,논란 및 사건 사고,논란 및 사건 사고//FOOTNOTES,EOD.,FOOTNOTES,,"[1] 물론 당연한 말이지만 그저 회사가 시키는 컨셉을 했을 뿐인 ILLIT의 멤버들은 잘못이 없다. 민희진 역시 ILLIT 멤버들은 아무 잘못 없다고 인정했다. 또한 아무 죄도 없는 ILLIT 멤버들에게 향한 성희롱, 패드립, 인신공격 등 도를 넘는 악플도 있었기에 걱정하는 모습을 보였다.[2] 비슷한 케이스로 aespa의 데뷔곡 Black Mamba의 평점은 데뷔 초 각종 루머들로 인해 1.7까지 내려갔으며 현재도 2.3점으로 굉장히 낮다.[3] 다만 해당 광고안무는 뉴진스 이전 다른 아이돌들 또한 많이 사용한 안무라는 의견도 있다.[4] 해당 계정은 멤버들까지 직접 참여해 운영하는 계정이긴 하나, 몇몇 트윗 작성을 제외하고는 회사가 운영한다.[5] 해당 계정은 현재 비공개 처리 된 상태이다.[6] 현재 아일릿이 팔로우한 X 계정은 하이브, 빌리프랩, 엔하이픈, 아일릿, 아일릿 재팬의 공식 계정으로 총 5개이다."
169,https://namu.wiki/w/ILLIT,,https://namu.wiki/w/ILLIT,0,,,역대 프로필 사진,12.,역대 프로필 사진,,",,,ILLIT,SUPER REAL ME, ,,,ILLIT,SUPER REAL ME,"
170,https://namu.wiki/w/ILLIT,,https://namu.wiki/w/ILLIT,0,,,FOOTNOTES,EOD.,FOOTNOTES,,"[1] HYBE 빌리프랩의 걸그룹 오디션 알유넥스트를 통해 결성되었다.[2] [공식기사] Magnetic 타이틀곡의 장르는 플러그엔비와 하우스(House)가 섞인 댄스 곡. 아르페지오 신스와 다이내믹한 베이스로 강렬한 리듬감을 보여준다.[3] 원희가 선창한다.[4] 한국인 3명, 일본인 2명.[5] 첫 뮤직비디오 조회수 1억뷰 달성.[6] ILLIT의 빌보드 핫 100 데뷔 곡[커리어하이] 7.1 7.2 7.3 7.4 [8] ILLIT의 빌보드 200 데뷔 앨범[10] ILLIT의 빌보드 Global 200 데뷔 곡[12] ILLIT의 빌보드 글로벌 200 (미국 제외) 데뷔 곡[14]  '하이브 신인' 영서 데뷔 불발…그룹 아일릿, 5인 체제로 활동[15] 이는 후술한대로 로틴/차이돌 근접그룹과의 차이를 형성한 원인으로도 작용했다.[16] 당연히 NewJeans도 포함한 여러 로틴/차이돌 근접 그룹들에 비해서는 평균연령은 높은 편이지만 청소년기 연령인것은 동일하다.[17] 전항에서의 지적을 참조해 데뷔시기가 빨랐다면 만 17세로 다른 로틴/차이돌 항목의 근접 그룹과 유사할 수 있었다.[18] 윤아 1월, 민주 5월, 모카 10월, 원희 6월, 이로하 2월[19] 윤아, 민주, 원희[20] 윤아는 남동생이 있고, 민주와 원희는 오빠가 있고, 모카는 여동생이 있으며 이로하는 외동이다."
