base_page_url,parent_page_url,current_page_url,page_hop,parent_page_index,parent_page_toc_item,abs_page_toc_item,index,toc_item,ancestor_toc_item,page_content
https://namu.wiki/w/%ED%80%B8(%EB%B0%B4%EB%93%9C),,https://namu.wiki/w/%ED%80%B8(%EB%B0%B4%EB%93%9C),0,,,PROFILE,0.,PROFILE,,"퀸Queen,,퀸Queen,,▲ 왼쪽부터 시계방향으로로저 테일러,존 디콘,프레디 머큐리,브라이언 메이(#fn-1; 1980년의 퀸의 모습이다.) ▼ 다른 사진 보기초창기 (1973년)왼쪽부터 브라이언 메이, 존 디콘, 프레디 머큐리, 로저 테일러 전성기 (1975년)왼쪽부터 존 디콘, 프레디 머큐리, 브라이언 메이, 로저 테일러 과도기 (1984년)왼쪽부터"
https://namu.wiki/w/%ED%80%B8(%EB%B0%B4%EB%93%9C),,https://namu.wiki/w/%ED%80%B8(%EB%B0%B4%EB%93%9C),0,,,개요,1.,개요,,"퀸은1970년에 결성되어 현재까지 활동하고 있는영국의록 밴드이다.퀸은비틀즈,롤링 스톤스,레드 제플린처럼 특정 장르에 얽매이지 않고 폭 넓은 사운드를 선보이는 밴드였다. 초반에는레드 제플린과데이비드 보위의 영향을 받은 음악과 무대 의상 때문에하드 록과메탈 음악, 그리고글램 록으로 분류되었지만(#fn-8; 이 중에서 글램 록은 2, 3집 한정이지만, 하드 록은"
https://namu.wiki/w/%ED%80%B8(%EB%B0%B4%EB%93%9C),,https://namu.wiki/w/%ED%80%B8(%EB%B0%B4%EB%93%9C),0,,,약력,2.,약력,,"브라이언 메이가 임페리얼 칼리지 런던 시절 만든 밴드인 ‘스마일’이 모체이며, 이후 드럼을 치던 치의대 출신 로저 테일러가 가입하고, 뒤이어 보컬인 프레디 머큐리가, 그리고 마지막으로 킹스 칼리지 런던에 다니던 존 디콘이 베이시스트로 합류하여 1971년 밴드 라인업이 완성되었다. 약 2년 간 밴드는 학업과 음악 활동을 병행하다가 1973년 1집 Queen을"
https://namu.wiki/w/%ED%80%B8(%EB%B0%B4%EB%93%9C),,https://namu.wiki/w/%ED%80%B8(%EB%B0%B4%EB%93%9C),0,,,상징,3.,상징,,해당 섹션에 대한 설명이 없거나 하위 문서로 대체됩니다.
https://namu.wiki/w/%ED%80%B8(%EB%B0%B4%EB%93%9C),,https://namu.wiki/w/%ED%80%B8(%EB%B0%B4%EB%93%9C),0,,,상징/밴드명,3.1.,밴드명,상징,"퀸은 원래 ‘퀸’이라는 이름이 아닌, ‘스마일’이라는 이름이었다. 밴드 초기, 보컬 자리가 비어 난항에 빠진 스마일은 새로운 보컬을 뽑기 위해 오디션을 실시했다. 당시 프레디 머큐리는 로저 테일러와 같은 아파트에 살고 있었는데 스마일이 보컬 오디션을 한다는 소식을 듣자 처음부터 스마일과 가까운 관계였던 자신에게 먼저 얘기해 주지 않은 것을 매우 섭섭해 했다"
https://namu.wiki/w/%ED%80%B8(%EB%B0%B4%EB%93%9C),,https://namu.wiki/w/%ED%80%B8(%EB%B0%B4%EB%93%9C),0,,,상징/로고,3.2.,로고,상징," 인상적인 로고로 유명한데, 이 로고는 프레디 머큐리가 직접 디자인했다.(#fn-13; 프레디 머큐리는 미대 출신이다. 이후 A Night at the Opera와 Hot Space 앨범 커버도 본인이 직접 디자인했다.)커버에 있는 그림은 멤버들의 별자리를 나타낸 그림이다. 각각 프레디 머큐리는처녀자리, 브라이언 메이는게자리, 로저 테일러와 존 디콘은사자자"
https://namu.wiki/w/%ED%80%B8(%EB%B0%B4%EB%93%9C),,https://namu.wiki/w/%ED%80%B8(%EB%B0%B4%EB%93%9C),0,,,멤버,4.,멤버,,"밴드 자체의 낮은 평가와는 별개로 멤버들의 역량은 매우 뛰어났다. 비록 인간 흉기들의 모임인 크림, 더 후, 레드 제플린 정도까진 아니어도, 평론가들에게 역량 갖다가 까이는 경우는 거의 없을 정도로 기본기가 튼튼했다. 이 중에서도 프레디 머큐리와 브라이언 메이는 각 분야의 최고 실력자들 중 한 명으로 꼽힌다. 프레디 머큐리는로버트 플랜트,로저 달트리,이안 "
https://namu.wiki/w/%ED%80%B8(%EB%B0%B4%EB%93%9C),,https://namu.wiki/w/%ED%80%B8(%EB%B0%B4%EB%93%9C),0,,,멤버/전 멤버 및 세션 멤버,4.1.,전 멤버 및 세션 멤버,멤버,"   퀸의 이전 멤버,,팀 스타펠Tim Staffell(#fn-28; 다만 팀 스타펠은 퀸의 정식 멤버는 아니고 그의 전신 밴드인 스마일의 멤버였다.)생몰,1948년 2월 24일 (76세),출신지, 영국 잉글랜드 런던 아일워스,활동,1968년 - 1970년,포지션,보컬, 베이스 기타,(#fn-29; 오른쪽의 인물, 왼쪽은 로저 테일러이다.)마이크 그로즈 M"
https://namu.wiki/w/%ED%80%B8(%EB%B0%B4%EB%93%9C),https://namu.wiki/w/%ED%80%B8(%EB%B0%B4%EB%93%9C),https://namu.wiki/w/%ED%80%B8(%EB%B0%B4%EB%93%9C)/%EC%97%AD%EC%82%AC,1,5.,역사,역사//개요,1.,개요,,영국의 록밴드 퀸의 역사를 서술한 문서이다.
https://namu.wiki/w/%ED%80%B8(%EB%B0%B4%EB%93%9C),https://namu.wiki/w/%ED%80%B8(%EB%B0%B4%EB%93%9C),https://namu.wiki/w/%ED%80%B8(%EB%B0%B4%EB%93%9C)/%EC%97%AD%EC%82%AC,1,5.,역사,역사//역사,2.,역사,,해당 섹션에 대한 설명이 없거나 하위 문서로 대체됩니다.
https://namu.wiki/w/%ED%80%B8(%EB%B0%B4%EB%93%9C),https://namu.wiki/w/%ED%80%B8(%EB%B0%B4%EB%93%9C),https://namu.wiki/w/%ED%80%B8(%EB%B0%B4%EB%93%9C)/%EC%97%AD%EC%82%AC,1,5.,역사,역사//역사/1968-1970: 스마일 시절,2.1.,1968-1970: 스마일 시절,역사,"1968년,임페리얼 칼리지 런던(Imperial College London)의 학생이었던 기타리스트브라이언 메이와 베이시스트(#fn-1; 사실 그는 그냥 보컬이었으나 드러머와 기타리스트, 보컬밖에 없던 터라 어쩔 수 없이 베이스를 잡게 되었다고 한다. 그래서인지 이후에는 베이스를 잡지 않고, 보컬과 기타를 겸업한다.)팀 스태플(Tim Staffel)(#fn"
https://namu.wiki/w/%ED%80%B8(%EB%B0%B4%EB%93%9C),https://namu.wiki/w/%ED%80%B8(%EB%B0%B4%EB%93%9C),https://namu.wiki/w/%ED%80%B8(%EB%B0%B4%EB%93%9C)/%EC%97%AD%EC%82%AC,1,5.,역사,역사//역사/1971-1974: 초기,2.2.,1971-1974: 초기,역사," ,1974년,Top of the Pops출연 당시(#fn-15; 부르는 시늉을 하고 있는 곡은 'Killer Queen'(킬러 퀸). 참고로 퀸 멤버들은 Top of the Pops에 대해 '앨범 판매에 도움이 많이 되었기 때문에 꾸준히 출연하기는 했지만, 누구도 실제로 연주를 하지는 않았기 때문에 좋아하지 않았다'고 언급한 바 있다. Smells Lik"
https://namu.wiki/w/%ED%80%B8(%EB%B0%B4%EB%93%9C),https://namu.wiki/w/%ED%80%B8(%EB%B0%B4%EB%93%9C),https://namu.wiki/w/%ED%80%B8(%EB%B0%B4%EB%93%9C)/%EC%97%AD%EC%82%AC,1,5.,역사,역사//역사/1971-1974: 초기/Queen,2.2.1.,Queen,역사/1971-1974: 초기,"4인조로 클럽과 대학 공연을 다니다가 위에서도 언급했던 트라이던트와 계약을 맺은 퀸은 한참 뒤 1973년 1집Queen을 발매하게 되었다. 앨범은 상업적으론 시원찮았지만 평론가들로부터는 꽤나 괜찮은 평가를 받았고, 빌보드 차트 83위에 오르는 소소한 이변을 거두기도 한다. 이후 밴드는 'Mott the Hoople'이라는 밴드의 투어 오프닝 밴드를 맡게 되"
https://namu.wiki/w/%ED%80%B8(%EB%B0%B4%EB%93%9C),https://namu.wiki/w/%ED%80%B8(%EB%B0%B4%EB%93%9C),https://namu.wiki/w/%ED%80%B8(%EB%B0%B4%EB%93%9C)/%EC%97%AD%EC%82%AC,1,5.,역사,역사//역사/1971-1974: 초기/Queen II,2.2.2.,Queen II,역사/1971-1974: 초기,"이듬해 1974년, 밴드는 2집Queen II를 발매하게 되는데, 이미 꽤나 이름을 알린 그들은 이 앨범에서 첫 히트곡 'Seven Seas of Rhye'를 배출하게 되었고, 앨범 차트에서도 작은 성과를 내는 등 상업적으로는 분전했지만,(#fn-17; 사실 멤버들은 실패했다고 생각했었다고.)음악적으로는 ""글램 록의 찌꺼기(...)다"", ""여기서 퀸이 더 "
https://namu.wiki/w/%ED%80%B8(%EB%B0%B4%EB%93%9C),https://namu.wiki/w/%ED%80%B8(%EB%B0%B4%EB%93%9C),https://namu.wiki/w/%ED%80%B8(%EB%B0%B4%EB%93%9C)/%EC%97%AD%EC%82%AC,1,5.,역사,역사//역사/1971-1974: 초기/Sheer Heart Attack,2.2.3.,Sheer Heart Attack,역사/1971-1974: 초기,"1974년 발매한 3집Sheer Heart Attack은 발매 후 상업적인 성공을 거두며 승승장구하기 시작했다. 하지만 3집 투어가 성황리에 끝난 뒤, 소속사 트라이던트와의 갈등이 심각해지는데, 그들과 맺은 계약은 애초에 문제가 많았다. 대표적으로 퀸의 음반 판권에 관한 일체의 권리를 트라이던트에 넘긴다는 내용. 이 때문에 밴드는 음반 판매량과는 관계없이 "
https://namu.wiki/w/%ED%80%B8(%EB%B0%B4%EB%93%9C),https://namu.wiki/w/%ED%80%B8(%EB%B0%B4%EB%93%9C),https://namu.wiki/w/%ED%80%B8(%EB%B0%B4%EB%93%9C)/%EC%97%AD%EC%82%AC,1,5.,역사,역사//역사/1975-1978: 전성기,2.3.,1975-1978: 전성기,역사,해당 섹션에 대한 설명이 없거나 하위 문서로 대체됩니다.
https://namu.wiki/w/%ED%80%B8(%EB%B0%B4%EB%93%9C),https://namu.wiki/w/%ED%80%B8(%EB%B0%B4%EB%93%9C),https://namu.wiki/w/%ED%80%B8(%EB%B0%B4%EB%93%9C)/%EC%97%AD%EC%82%AC,1,5.,역사,역사//역사/1975-1978: 전성기/A Night at the Opera,2.3.1.,A Night at the Opera,역사/1975-1978: 전성기,"그리고 이듬해 1975년, 퀸은 4집A Night at the Opera를 발매했고(#fn-19; 이 앨범은 2018년 영국의 여론조사 업체 원폴(Onepoll)이 영국인 대상 무작위 2,000명에게 실시한 '자기 인생에 가장 영향을 준 앨범' 설문조사에서 7위에 뽑히기도 했다. 참고로 1위는 마이클 잭슨의 Thriller.), 앨범의 리드싱글로 6분에 달"
https://namu.wiki/w/%ED%80%B8(%EB%B0%B4%EB%93%9C),https://namu.wiki/w/%ED%80%B8(%EB%B0%B4%EB%93%9C),https://namu.wiki/w/%ED%80%B8(%EB%B0%B4%EB%93%9C)/%EC%97%AD%EC%82%AC,1,5.,역사,역사//역사/1975-1978: 전성기/A Day at the Races,2.3.2.,A Day at the Races,역사/1975-1978: 전성기,"이듬해 1976년, 퀸은 5집A Day at the Races를 발매하는데, 프레디 머큐리 작곡의Somebody to Love가 히트하며 전작의 성공이 단순한 행운이 아니었음을 입증하게 된다.(#fn-22; 이외에도 브라이언 메이 작곡의 Tie Your Mother Down, 프레디 머큐리 작곡의 Good Old-Fashioned Lover Boy를 싱글로"
https://namu.wiki/w/%ED%80%B8(%EB%B0%B4%EB%93%9C),https://namu.wiki/w/%ED%80%B8(%EB%B0%B4%EB%93%9C),https://namu.wiki/w/%ED%80%B8(%EB%B0%B4%EB%93%9C)/%EC%97%AD%EC%82%AC,1,5.,역사,역사//역사/1975-1978: 전성기/News of the World,2.3.3.,News of the World,역사/1975-1978: 전성기,"1977년, 6집News of the World를 발매하고We Will Rock You와We Are the Champions(#fn-24; 사실 이 두 곡은 당시 평론가들로부터 좋은 평가를 얻지는 못했지만 현재는 퀸이라는 밴드를 아예 모르는 일반인들까지 아~ 이 노래~ 하면서 아는 곡이다. 특히 We Are the Champions은 대부분 제목까지 다 알"
https://namu.wiki/w/%ED%80%B8(%EB%B0%B4%EB%93%9C),https://namu.wiki/w/%ED%80%B8(%EB%B0%B4%EB%93%9C),https://namu.wiki/w/%ED%80%B8(%EB%B0%B4%EB%93%9C)/%EC%97%AD%EC%82%AC,1,5.,역사,역사//역사/1975-1978: 전성기/Jazz,2.3.4.,Jazz,역사/1975-1978: 전성기,"이후 1978년의 7집 앨범Jazz는 이전의 앨범들에 비해서는 직선적이면서도 대중적인 곡들로 채워져 있었는데, 이에 대한 평단의 반응은 여전히 냉정했으며, 앨범 판매량이 1/3로 감소하는 등 상업적인 성과도 이전에 비해 시원찮았다. 하지만 밴드는 영국을 포함한 유럽, 남미, 일본 등에서 여전히 많은 인기를 누렸으며, 이 앨범에서 프레디 작곡의Don't St"
https://namu.wiki/w/%ED%80%B8(%EB%B0%B4%EB%93%9C),https://namu.wiki/w/%ED%80%B8(%EB%B0%B4%EB%93%9C),https://namu.wiki/w/%ED%80%B8(%EB%B0%B4%EB%93%9C)/%EC%97%AD%EC%82%AC,1,5.,역사,역사//역사/1980-1984: 과도기,2.4.,1980-1984: 과도기,역사,해당 섹션에 대한 설명이 없거나 하위 문서로 대체됩니다.
https://namu.wiki/w/%ED%80%B8(%EB%B0%B4%EB%93%9C),https://namu.wiki/w/%ED%80%B8(%EB%B0%B4%EB%93%9C),https://namu.wiki/w/%ED%80%B8(%EB%B0%B4%EB%93%9C)/%EC%97%AD%EC%82%AC,1,5.,역사,"역사//역사/1980-1984: 과도기/The Game, Flash Gordon",2.4.1.,"The Game, Flash Gordon",역사/1980-1984: 과도기,"1980년, 밴드는 8번째 정규 앨범The Game을 발매하는데, 처음으로신디사이저를 도입하고 팝-펑크(funk)지향적인 사운드로 변화를 꾀한 앨범이었다. 그 결과 앨범이 빌보드 차트 1위에 등극하고, 최초로 남미에서 투어를 한 메이저 밴드가 되는 등 인기의 정점을 맞이한다. 싱글Another One Bites the Dust(#fn-26; 해당 문서에도 "
https://namu.wiki/w/%ED%80%B8(%EB%B0%B4%EB%93%9C),https://namu.wiki/w/%ED%80%B8(%EB%B0%B4%EB%93%9C),https://namu.wiki/w/%ED%80%B8(%EB%B0%B4%EB%93%9C)/%EC%97%AD%EC%82%AC,1,5.,역사,역사//역사/1980-1984: 과도기/Hot Space,2.4.2.,Hot Space,역사/1980-1984: 과도기,"그 후 같은 1980년 9번째 정규 앨범으로서 SF 영화 <플래시 고든>의 OST 앨범Flash Gordon을 발매한 이후 퀸은 펑키한 'Another One Bites the Dust'가 가져온 성공에 고무되어 82년 10번째 정규 앨범으로 디스코풍이 매우 강한 앨범Hot Space를 발매하는데, 너무나도 급작스런 변화와 퀸 특유의 사운드의 부재는 팬들마"
https://namu.wiki/w/%ED%80%B8(%EB%B0%B4%EB%93%9C),https://namu.wiki/w/%ED%80%B8(%EB%B0%B4%EB%93%9C),https://namu.wiki/w/%ED%80%B8(%EB%B0%B4%EB%93%9C)/%EC%97%AD%EC%82%AC,1,5.,역사,역사//역사/1980-1984: 과도기/The Works,2.4.3.,The Works,역사/1980-1984: 과도기,"10번째 정규 앨범인Hot Space이후 2년간 활동을 쉰 밴드는 1984년, 11번째 정규 앨범The Works를 발매했다. 전작의 처절한 실패와는 달리 앨범은 UK 앨범 차트 2위에 올랐고, 싱글Radio Ga Ga(#fn-33; 여담으로, 레이디 가가(Lady Gaga)가 이 곡에서 자신의 예명을 따왔다.)가 19개국에서 1위를 차지하며 퀸의 80년대"
https://namu.wiki/w/%ED%80%B8(%EB%B0%B4%EB%93%9C),https://namu.wiki/w/%ED%80%B8(%EB%B0%B4%EB%93%9C),https://namu.wiki/w/%ED%80%B8(%EB%B0%B4%EB%93%9C)/%EC%97%AD%EC%82%AC,1,5.,역사,역사//역사/1985-1988: 후기,2.5.,1985-1988: 후기,역사,해당 섹션에 대한 설명이 없거나 하위 문서로 대체됩니다.
https://namu.wiki/w/%ED%80%B8(%EB%B0%B4%EB%93%9C),https://namu.wiki/w/%ED%80%B8(%EB%B0%B4%EB%93%9C),https://namu.wiki/w/%ED%80%B8(%EB%B0%B4%EB%93%9C)/%EC%97%AD%EC%82%AC,1,5.,역사,역사//역사/1985-1988: 후기/두 번째 전성기에 기여한 라이브 에이드,2.5.1.,두 번째 전성기에 기여한 라이브 에이드,역사/1985-1988: 후기,"1985년 7월 13일 펼쳐진라이브 에이드(#fn-35; 1985년 아프리카 난민을 위한 모금 운동의 일환으로 런던과 필라델피아에서 하루에 걸쳐 동시에 벌어진 콘서트였다. 당시 세계적으로 유명했던 많은 밴드와 가수들이 등장해서 각각 10~20분씩을 배정받아 연주하였고 전세계로 실황 중계 되었다.)에서 퀸, 특히 프레디 머큐리는 할당된 20여분간 무대를 휘어"
https://namu.wiki/w/%ED%80%B8(%EB%B0%B4%EB%93%9C),https://namu.wiki/w/%ED%80%B8(%EB%B0%B4%EB%93%9C),https://namu.wiki/w/%ED%80%B8(%EB%B0%B4%EB%93%9C)/%EC%97%AD%EC%82%AC,1,5.,역사,역사//역사/1985-1988: 후기/A Kind of Magic,2.5.2.,A Kind of Magic,역사/1985-1988: 후기,"이는 86년 12번째 정규 앨범인A Kind of Magic의 발매와 함께 전 유럽에 걸쳐 열린 매직 투어로 이어졌다. 이 투어에서만 라이브 앨범이 세 장 나왔고(#fn-38; Live Magic, Live At Wembley '86, Hungarian Rhapsody)7월 11일, 12일의 웸블리 공연 2회를 포함해전 공연이 매진을 기록했다. ,86년 7"
https://namu.wiki/w/%ED%80%B8(%EB%B0%B4%EB%93%9C),https://namu.wiki/w/%ED%80%B8(%EB%B0%B4%EB%93%9C),https://namu.wiki/w/%ED%80%B8(%EB%B0%B4%EB%93%9C)/%EC%97%AD%EC%82%AC,1,5.,역사,역사//역사/1985-1988: 후기/마지막 라이브,2.5.3.,마지막 라이브,역사/1985-1988: 후기,"퀸 완전체의 라이브 공연은 12만 명의 관객(#fn-39; 비공식적으로 20만 명이라고도 한다. 그로 인해 당시 영국에서는 최악의 교통체증이 일었다고 하며 멤버들은 헬기로 이동했다.)이 운집한 영국넵워스 파크에서 끝을 맺게 된다.(#fn-40; 이 기념비적인 마지막 공연은 웸블리 공연과 마찬가지로 비디오로 촬영하려 했는데, 나중에 알고보니 필름조차 넣지 않"
https://namu.wiki/w/%ED%80%B8(%EB%B0%B4%EB%93%9C),https://namu.wiki/w/%ED%80%B8(%EB%B0%B4%EB%93%9C),https://namu.wiki/w/%ED%80%B8(%EB%B0%B4%EB%93%9C)/%EC%97%AD%EC%82%AC,1,5.,역사,역사//역사/1989-1991: 말기,2.6.,1989-1991: 말기,역사,해당 섹션에 대한 설명이 없거나 하위 문서로 대체됩니다.
https://namu.wiki/w/%ED%80%B8(%EB%B0%B4%EB%93%9C),https://namu.wiki/w/%ED%80%B8(%EB%B0%B4%EB%93%9C),https://namu.wiki/w/%ED%80%B8(%EB%B0%B4%EB%93%9C)/%EC%97%AD%EC%82%AC,1,5.,역사,"역사//역사/1989-1991: 말기/The Miracle, Innuendo",2.6.1.,"The Miracle, Innuendo",역사/1989-1991: 말기,"3년 뒤인 1989년, 밴드는 13번째 정규 앨범The Miracle을 발매하게 된다. 이 시기는 퀸의 멤버들에게 있어 굉장히 힘든 시기였는데, 프레디는 위에서 언급한 에이즈에 걸렸다는 소문으로, 브라이언은 스캔들 관련으로 곤혹을 치르고 있었다. 그럼에도 앨범은 매우 성공했고, 그들의 80년대 앨범 중 음악성에서는 가장 높은 평가를 받게 되었다.(#fn-4"
https://namu.wiki/w/%ED%80%B8(%EB%B0%B4%EB%93%9C),https://namu.wiki/w/%ED%80%B8(%EB%B0%B4%EB%93%9C),https://namu.wiki/w/%ED%80%B8(%EB%B0%B4%EB%93%9C)/%EC%97%AD%EC%82%AC,1,5.,역사,역사//역사/1992-2004: 추모의 시기,2.7.,1992-2004: 추모의 시기,역사,1992년 '프레디 머큐리 추모 콘서트'가 성황리에 열렸다. 공연장은 당연히 런던 웸블리. 당시 전 세계 음악계에서 가장 잘 나가던 사람들이 총출동하여 퀸의 대표곡을 연주하였다. 몇 명만 나열해 보아도 <보헤미안 랩소디>를 부른엘튼 존(#fn-47; 빨간색 재킷 & 가죽바지를 입고 나왔다.)(#fn-48; The Show Must Go On도 불렀다.)과U
https://namu.wiki/w/%ED%80%B8(%EB%B0%B4%EB%93%9C),https://namu.wiki/w/%ED%80%B8(%EB%B0%B4%EB%93%9C),https://namu.wiki/w/%ED%80%B8(%EB%B0%B4%EB%93%9C)/%EC%97%AD%EC%82%AC,1,5.,역사,역사//역사/1992-2004: 추모의 시기/Made in Heaven,2.7.1.,Made in Heaven,역사/1992-2004: 추모의 시기,"이후 퀸의 나머지 멤버들이 프레디의 마지막 순간의 녹음들을 완성시키기 위해 작업한 앨범 Made in Heaven이 1995년 발매되어 영국차트 1위에 오른 9번째 퀸 앨범이 되었으며, 후에 Queen Rocks라는 컴필레이션 앨범에서 머큐리를 제외한 브라이언과 로저가 부른 No One But You(Only The Good Die Young)라는 곡을 발"
https://namu.wiki/w/%ED%80%B8(%EB%B0%B4%EB%93%9C),https://namu.wiki/w/%ED%80%B8(%EB%B0%B4%EB%93%9C),https://namu.wiki/w/%ED%80%B8(%EB%B0%B4%EB%93%9C)/%EC%97%AD%EC%82%AC,1,5.,역사,역사//역사/2005-: 부활,2.8.,2005-: 부활,역사,해당 섹션에 대한 설명이 없거나 하위 문서로 대체됩니다.
https://namu.wiki/w/%ED%80%B8(%EB%B0%B4%EB%93%9C),https://namu.wiki/w/%ED%80%B8(%EB%B0%B4%EB%93%9C),https://namu.wiki/w/%ED%80%B8(%EB%B0%B4%EB%93%9C)/%EC%97%AD%EC%82%AC,1,5.,역사,역사//역사/2005-: 부활/+ Paul Rodgers (The Cosmos Rocks),2.8.1.,+ Paul Rodgers (The Cosmos Rocks),역사/2005-: 부활,"이후 브라이언 메이와 로저 테일러는 음악계에 남아 여러 게스트들과 협력하여 계속해서 퀸 활동을 이어나갔다. 뮤지컬 'We Will Rock You'를 제작하기도 했고, 프리, 배드 컴퍼니의 보컬로 활약 했던 폴 로저스와 함께 퀸+폴 로저스란 이름으로 The Cosmos Rocks 앨범을 발매하고, 투어를 하기도 했다. 이후 2011년에는 오랜 소속사였던 E"
https://namu.wiki/w/%ED%80%B8(%EB%B0%B4%EB%93%9C),https://namu.wiki/w/%ED%80%B8(%EB%B0%B4%EB%93%9C),https://namu.wiki/w/%ED%80%B8(%EB%B0%B4%EB%93%9C)/%EC%97%AD%EC%82%AC,1,5.,역사,역사//역사/2005-: 부활/+ Adam Lambert (2012-),2.8.2.,+ Adam Lambert (2012-),역사/2005-: 부활,2012년 브라이언과 로저는 아메리칸 아이돌이 낳은 초고음역대의 슈퍼스타아담 램버트와 투어를 시작했다.2012년 런던 올림픽폐막식에서 제시 J와 협연하였다.2014년 슈퍼소닉 페스티벌에 내한하여 8월 14일에 공연을 펼쳤다. 2014년 5월에 브라이언 메이가 또다른 베스트 앨범 <Queen Forever>의 발매를 예고했다. 2014년 9월에 새 라이브 앨
https://namu.wiki/w/%ED%80%B8(%EB%B0%B4%EB%93%9C),https://namu.wiki/w/%ED%80%B8(%EB%B0%B4%EB%93%9C),https://namu.wiki/w/%ED%80%B8(%EB%B0%B4%EB%93%9C)/%EC%97%AD%EC%82%AC,1,5.,역사,역사//역사/2005-: 부활/내한,2.8.3.,내한,역사/2005-: 부활,마침내 한국 내한 공연이 확정 되었다.# 
https://namu.wiki/w/%ED%80%B8(%EB%B0%B4%EB%93%9C),https://namu.wiki/w/%ED%80%B8(%EB%B0%B4%EB%93%9C),https://namu.wiki/w/%ED%80%B8(%EB%B0%B4%EB%93%9C)/%EC%97%AD%EC%82%AC,1,5.,역사,역사//역사/2005-: 부활/Face It Alone,2.8.4.,Face It Alone,역사/2005-: 부활,다음 문서로 대체 설명: https://namu.wiki/w/Face%20It%20Alone
https://namu.wiki/w/%ED%80%B8(%EB%B0%B4%EB%93%9C),https://namu.wiki/w/%ED%80%B8(%EB%B0%B4%EB%93%9C),https://namu.wiki/w/%ED%80%B8(%EB%B0%B4%EB%93%9C)/%EC%97%AD%EC%82%AC,1,5.,역사,역사//역사/2005-: 부활/이후,2.8.5.,이후,역사/2005-: 부활,"2024년 5월 29일,소니 뮤직 엔터테인먼트가 퀸의 음악 저작권 카탈로그 입찰에 10억 파운드(약 1조 7,000억 원)(#fn-56; 이는 음악 역사상 가장 비싼 음악 카탈로그 판매이다. 이전의 가장 비싼 거래는 브루스 스프링스틴의 6억 달러(약 8,200억 원)이다.)를 제안했다.##퀸의 카탈로그를 얻기 위해 경쟁하던 '퍼 히츠'는 9억 달러 (약 1"
https://namu.wiki/w/%ED%80%B8(%EB%B0%B4%EB%93%9C),https://namu.wiki/w/%ED%80%B8(%EB%B0%B4%EB%93%9C),https://namu.wiki/w/%ED%80%B8(%EB%B0%B4%EB%93%9C)/%EC%97%AD%EC%82%AC,1,5.,역사,역사//스타일의 변화,3.,스타일의 변화,,다음 문서로 대체 설명: https://namu.wiki/w/%ED%80%B8(%EB%B0%B4%EB%93%9C)/%EC%97%AD%EC%82%AC/%EC%8A%A4%ED%83%80%EC%9D%BC
https://namu.wiki/w/%ED%80%B8(%EB%B0%B4%EB%93%9C),https://namu.wiki/w/%ED%80%B8(%EB%B0%B4%EB%93%9C),https://namu.wiki/w/%ED%80%B8(%EB%B0%B4%EB%93%9C)/%EC%97%AD%EC%82%AC,1,5.,역사,역사//FOOTNOTES,EOD.,FOOTNOTES,,"[1] 사실 그는 그냥 보컬이었으나 드러머와 기타리스트, 보컬밖에 없던 터라 어쩔 수 없이 베이스를 잡게 되었다고 한다. 그래서인지 이후에는 베이스를 잡지 않고, 보컬과 기타를 겸업한다.[2] 1948년생. 음악가로서는 이후 묻혀졌다. 결국, 1973년 25살에 음악을 그만두고 애니메이터, 컴퓨터 디자이너 등등 여러 직업으로 살아갔다.2001년에 거의 30"
https://namu.wiki/w/%ED%80%B8(%EB%B0%B4%EB%93%9C),https://namu.wiki/w/%ED%80%B8(%EB%B0%B4%EB%93%9C),https://namu.wiki/w/%ED%80%B8(%EB%B0%B4%EB%93%9C)/%ED%8F%89%EA%B0%80%EC%99%80%20%EC%98%81%ED%96%A5%EB%A0%A5,1,6.,평가와 영향력,평가와 영향력//개요,1.,개요,,영국의 록 밴드 퀸에 대한 평가와 이들의 음악적 영향력에 대해 서술한 문서이다.
https://namu.wiki/w/%ED%80%B8(%EB%B0%B4%EB%93%9C),https://namu.wiki/w/%ED%80%B8(%EB%B0%B4%EB%93%9C),https://namu.wiki/w/%ED%80%B8(%EB%B0%B4%EB%93%9C)/%ED%8F%89%EA%B0%80%EC%99%80%20%EC%98%81%ED%96%A5%EB%A0%A5,1,6.,평가와 영향력,평가와 영향력//장르,2.,장르,,"우리의 음악적 뿌리는로큰롤이다.(#fn-1; 퀸의 블루스 성향의 곡인 Now I'm Here에 대해 인터뷰할 때 나온 발언으로, 원문을 그대로 해석하면 “우리의 음악적 뿌리가 로큰롤임을 보여주는 곡이다” 라는 발언이었다. 로큰롤이 블루스의 파생작임을 고려하면, 결국 퀸의 음악적 뿌리도 1970년대의 수많은 록 밴드들처럼 블루스임을 알 수 있다.) 프레디 머"
https://namu.wiki/w/%ED%80%B8(%EB%B0%B4%EB%93%9C),https://namu.wiki/w/%ED%80%B8(%EB%B0%B4%EB%93%9C),https://namu.wiki/w/%ED%80%B8(%EB%B0%B4%EB%93%9C)/%ED%8F%89%EA%B0%80%EC%99%80%20%EC%98%81%ED%96%A5%EB%A0%A5,1,6.,평가와 영향력,평가와 영향력//음악적 영향력,3.,음악적 영향력,,"퀸은 상술했듯이 수많은 장르들을 시도하였으나, 이에 반해 음악적인 영향력은 많이 낮다고 평가받는다. 이러한 원인은 퀸이 시도했던 여러 실험들은 다른 선대 음악가들이 이미 시도했던 것이었기 때문이다. 이를테면 퀸이 주로 추구했던하드 록은 1965년에롤링 스톤스와더 후가 이미 개척해 놓은 장르였고,블루스와로큰롤의 스케일을 키워 기존의 하드 록보다 더 하드한헤비"
https://namu.wiki/w/%ED%80%B8(%EB%B0%B4%EB%93%9C),https://namu.wiki/w/%ED%80%B8(%EB%B0%B4%EB%93%9C),https://namu.wiki/w/%ED%80%B8(%EB%B0%B4%EB%93%9C)/%ED%8F%89%EA%B0%80%EC%99%80%20%EC%98%81%ED%96%A5%EB%A0%A5,1,6.,평가와 영향력,평가와 영향력//평가,4.,평가,,"전 세계적으로매우 과대평가된 밴드이자, 매우 과소평가된 밴드라는 상반된 평가를 동시에 받고 있는 밴드다.일부록부심에 찬 사람들에게는싸구려 팝 밴드라고 평가 절하를 당하고, 록 음악을 잘 모르는 사람들에게는비틀즈와 더불어 역사상 가장 위대한 록 밴드라는 식으로 과대 평가를 받기도 한다. 구체적으로 보자면, 청취자들에게는 과대평가를, 평론가들에게는 과소평가를 "
https://namu.wiki/w/%ED%80%B8(%EB%B0%B4%EB%93%9C),https://namu.wiki/w/%ED%80%B8(%EB%B0%B4%EB%93%9C),https://namu.wiki/w/%ED%80%B8(%EB%B0%B4%EB%93%9C)/%ED%8F%89%EA%B0%80%EC%99%80%20%EC%98%81%ED%96%A5%EB%A0%A5,1,6.,평가와 영향력,평가와 영향력//평가/평론단과의 악연,4.1.,평론단과의 악연,평가,"퀸은 평단과 아주 사이가 좋지 않았는데, 평론가들은 밴드 활동 초기부터 '퀸 까기'를 서슴치 않았기 때문에 멤버들의 반감은 굉장히 심했으며(#fn-22; 심지어 지금도 심하다.)인터뷰 역시 드물게 허가했다.사실 데뷔 앨범인Queen발매 당시에는 평론가들의 평가도 나쁘진 않았다. 당시 평론가들은 이 앨범에 대해 ‘아주훌륭한데뷔앨범까지는 아니지만 앞으로 훌륭한"
https://namu.wiki/w/%ED%80%B8(%EB%B0%B4%EB%93%9C),https://namu.wiki/w/%ED%80%B8(%EB%B0%B4%EB%93%9C),https://namu.wiki/w/%ED%80%B8(%EB%B0%B4%EB%93%9C)/%ED%8F%89%EA%B0%80%EC%99%80%20%EC%98%81%ED%96%A5%EB%A0%A5,1,6.,평가와 영향력,평가와 영향력//퀸에게 영향을 준 아티스트들,5.,퀸에게 영향을 준 아티스트들,,"비틀즈: 상술했듯이 멤버 4명 중 3명이 가장 좋아하는 밴드로 비틀즈를 꼽았으며, 밑의 레드 제플린과 더불어 퀸에게 가장 큰 영향을 준 아티스트이다. 관리 구조와 경영 방식 등에서도 비틀즈에게 큰 영향을 받았으며, 여러 록 밴드들처럼 데뷔 이전에 비틀즈의 곡들을 커버하면서 실력을 키웠다고 한다.(#fn-29; 폴 매카트니도 인터뷰에서 퀸을 언급하면서 프레디"
https://namu.wiki/w/%ED%80%B8(%EB%B0%B4%EB%93%9C),https://namu.wiki/w/%ED%80%B8(%EB%B0%B4%EB%93%9C),https://namu.wiki/w/%ED%80%B8(%EB%B0%B4%EB%93%9C)/%ED%8F%89%EA%B0%80%EC%99%80%20%EC%98%81%ED%96%A5%EB%A0%A5,1,6.,평가와 영향력,평가와 영향력//기타,6.,기타,,"이들의 라이브 공연과 투어 역시 큰 규모를 과시하곤 했다. 멤버들이 심하게 조명덕후였던지라 수 톤(ton)의 조명과 거대한 무대장비가 뒤따랐으며(#fn-32; 때문에 1986년 마지막 투어인 'Magic Tour'를 제외하고는 항상 적자를 기록했다고. 로저 테일러가 인터뷰에서 이와 관련해 ""이러한 상황에서도 계속 투어를 도시는 이유가 있을까요?""라는 질문을"
https://namu.wiki/w/%ED%80%B8(%EB%B0%B4%EB%93%9C),https://namu.wiki/w/%ED%80%B8(%EB%B0%B4%EB%93%9C),https://namu.wiki/w/%ED%80%B8(%EB%B0%B4%EB%93%9C)/%ED%8F%89%EA%B0%80%EC%99%80%20%EC%98%81%ED%96%A5%EB%A0%A5,1,6.,평가와 영향력,평가와 영향력//FOOTNOTES,EOD.,FOOTNOTES,,"[1] 퀸의 블루스 성향의 곡인 Now I'm Here에 대해 인터뷰할 때 나온 발언으로, 원문을 그대로 해석하면 “우리의 음악적 뿌리가 로큰롤임을 보여주는 곡이다” 라는 발언이었다. 로큰롤이 블루스의 파생작임을 고려하면, 결국 퀸의 음악적 뿌리도 1970년대의 수많은 록 밴드들처럼 블루스임을 알 수 있다.[2] 흔히 말하는 록 오페라와는 다르다. 퀸의 오"
https://namu.wiki/w/%ED%80%B8(%EB%B0%B4%EB%93%9C),,https://namu.wiki/w/%ED%80%B8(%EB%B0%B4%EB%93%9C),0,,,인기,7.,인기,,"이래저래 음악성에 있어서 말이 많은 밴드이긴 하지만 흥행과 인기만큼은 록 밴드 중에서도비틀즈와레드 제플린바로 아래급으로(#fn-36; 비틀즈와 레드 제플린은 역사상 모든 아티스트를 통틀어도 음반 판매량이 각각 1위와 6위이며, 그만큼 전 세계적인 인지도와 위상도 높다. 그나마 핑크 플로이드가 역대 음반 판매량 8위로 퀸보다 음반 판매량이 높긴 하지만, 후술"
https://namu.wiki/w/%ED%80%B8(%EB%B0%B4%EB%93%9C),,https://namu.wiki/w/%ED%80%B8(%EB%B0%B4%EB%93%9C),0,,,인기/미국 시장,7.1.,미국 시장,인기,"대중들, 특히 국내에서는 퀸이 미국 시장에서 처참하게 실패했다고 알려져 있다. 그러나 결론부터 말하자면, 전성기 시절 퀸은 미국 시장에서 실패한 밴드가 절대 아니었으며, 오히려 성공했던 밴드였다.A Night at the Opera를 시작으로 퀸의 전성기 때 발매된 앨범들은 상업적으로 실패했던Jazz를 제외하고 전부빌보드 200에서 5위권 이내에 들었다. "
https://namu.wiki/w/%ED%80%B8(%EB%B0%B4%EB%93%9C),,https://namu.wiki/w/%ED%80%B8(%EB%B0%B4%EB%93%9C),0,,,인기/대한민국에서의 인기,7.2.,대한민국에서의 인기,인기,"한국 한정으로는 고전 록과 팝을 통틀어서 퀸의 인기에 견줄만한록 밴드는 전혀 없다고 봐도 무방할 정도로 그 인기가 매우 높다. 솔로 가수까지 다 합쳐도 그나마마이클 잭슨정도가 유일하게 비교가 가능한 수준이다.(#fn-56; 심지어 마이클 잭슨도 최근 세대는 그의 대표적인 춤인 문워크와 이 춤이 포함된 곡인 Billie Jean, 그리고 학교 영어 시간에 자"
https://namu.wiki/w/%ED%80%B8(%EB%B0%B4%EB%93%9C),https://namu.wiki/w/%ED%80%B8(%EB%B0%B4%EB%93%9C),https://namu.wiki/w/%ED%80%B8(%EB%B0%B4%EB%93%9C)/%EC%8B%9C%EB%8F%84%ED%95%9C%20%EC%9D%8C%EC%95%85%20%EC%9E%A5%EB%A5%B4,1,8.,시도한 음악 장르,시도한 음악 장르//개요,1.,개요,,퀸의 시도한 음악 장르를 정리한 문서이다.
https://namu.wiki/w/%ED%80%B8(%EB%B0%B4%EB%93%9C),https://namu.wiki/w/%ED%80%B8(%EB%B0%B4%EB%93%9C),https://namu.wiki/w/%ED%80%B8(%EB%B0%B4%EB%93%9C)/%EC%8B%9C%EB%8F%84%ED%95%9C%20%EC%9D%8C%EC%95%85%20%EC%9E%A5%EB%A5%B4,1,8.,시도한 음악 장르,시도한 음악 장르//목록,2.,목록,,해당 섹션에 대한 설명이 없거나 하위 문서로 대체됩니다.
https://namu.wiki/w/%ED%80%B8(%EB%B0%B4%EB%93%9C),https://namu.wiki/w/%ED%80%B8(%EB%B0%B4%EB%93%9C),https://namu.wiki/w/%ED%80%B8(%EB%B0%B4%EB%93%9C)/%EC%8B%9C%EB%8F%84%ED%95%9C%20%EC%9D%8C%EC%95%85%20%EC%9E%A5%EB%A5%B4,1,8.,시도한 음악 장르,"시도한 음악 장르//목록/로큰롤, 로커빌리",2.1.,"로큰롤, 로커빌리",목록," ,"
https://namu.wiki/w/%ED%80%B8(%EB%B0%B4%EB%93%9C),https://namu.wiki/w/%ED%80%B8(%EB%B0%B4%EB%93%9C),https://namu.wiki/w/%ED%80%B8(%EB%B0%B4%EB%93%9C)/%EC%8B%9C%EB%8F%84%ED%95%9C%20%EC%9D%8C%EC%95%85%20%EC%9E%A5%EB%A5%B4,1,8.,시도한 음악 장르,시도한 음악 장르//목록/프로그레시브 록,2.2.,프로그레시브 록,목록," ,"
https://namu.wiki/w/%ED%80%B8(%EB%B0%B4%EB%93%9C),https://namu.wiki/w/%ED%80%B8(%EB%B0%B4%EB%93%9C),https://namu.wiki/w/%ED%80%B8(%EB%B0%B4%EB%93%9C)/%EC%8B%9C%EB%8F%84%ED%95%9C%20%EC%9D%8C%EC%95%85%20%EC%9E%A5%EB%A5%B4,1,8.,시도한 음악 장르,시도한 음악 장르//목록/소프트 록,2.3.,소프트 록,목록," ,"
https://namu.wiki/w/%ED%80%B8(%EB%B0%B4%EB%93%9C),https://namu.wiki/w/%ED%80%B8(%EB%B0%B4%EB%93%9C),https://namu.wiki/w/%ED%80%B8(%EB%B0%B4%EB%93%9C)/%EC%8B%9C%EB%8F%84%ED%95%9C%20%EC%9D%8C%EC%95%85%20%EC%9E%A5%EB%A5%B4,1,8.,시도한 음악 장르,시도한 음악 장르//목록/아레나 록,2.4.,아레나 록,목록," ,"
https://namu.wiki/w/%ED%80%B8(%EB%B0%B4%EB%93%9C),https://namu.wiki/w/%ED%80%B8(%EB%B0%B4%EB%93%9C),https://namu.wiki/w/%ED%80%B8(%EB%B0%B4%EB%93%9C)/%EC%8B%9C%EB%8F%84%ED%95%9C%20%EC%9D%8C%EC%95%85%20%EC%9E%A5%EB%A5%B4,1,8.,시도한 음악 장르,시도한 음악 장르//목록/아트 록,2.5.,아트 록,목록," ,"
https://namu.wiki/w/%ED%80%B8(%EB%B0%B4%EB%93%9C),https://namu.wiki/w/%ED%80%B8(%EB%B0%B4%EB%93%9C),https://namu.wiki/w/%ED%80%B8(%EB%B0%B4%EB%93%9C)/%EC%8B%9C%EB%8F%84%ED%95%9C%20%EC%9D%8C%EC%95%85%20%EC%9E%A5%EB%A5%B4,1,8.,시도한 음악 장르,시도한 음악 장르//목록/심포닉 록,2.6.,심포닉 록,목록," ,"
https://namu.wiki/w/%ED%80%B8(%EB%B0%B4%EB%93%9C),https://namu.wiki/w/%ED%80%B8(%EB%B0%B4%EB%93%9C),https://namu.wiki/w/%ED%80%B8(%EB%B0%B4%EB%93%9C)/%EC%8B%9C%EB%8F%84%ED%95%9C%20%EC%9D%8C%EC%95%85%20%EC%9E%A5%EB%A5%B4,1,8.,시도한 음악 장르,시도한 음악 장르//목록/하드 록,2.7.,하드 록,목록," ,"
https://namu.wiki/w/%ED%80%B8(%EB%B0%B4%EB%93%9C),https://namu.wiki/w/%ED%80%B8(%EB%B0%B4%EB%93%9C),https://namu.wiki/w/%ED%80%B8(%EB%B0%B4%EB%93%9C)/%EC%8B%9C%EB%8F%84%ED%95%9C%20%EC%9D%8C%EC%95%85%20%EC%9E%A5%EB%A5%B4,1,8.,시도한 음악 장르,시도한 음악 장르//목록/헤비 메탈,2.8.,헤비 메탈,목록," ,"
https://namu.wiki/w/%ED%80%B8(%EB%B0%B4%EB%93%9C),https://namu.wiki/w/%ED%80%B8(%EB%B0%B4%EB%93%9C),https://namu.wiki/w/%ED%80%B8(%EB%B0%B4%EB%93%9C)/%EC%8B%9C%EB%8F%84%ED%95%9C%20%EC%9D%8C%EC%95%85%20%EC%9E%A5%EB%A5%B4,1,8.,시도한 음악 장르,시도한 음악 장르//목록/펑크 록,2.9.,펑크 록,목록," ,"
https://namu.wiki/w/%ED%80%B8(%EB%B0%B4%EB%93%9C),https://namu.wiki/w/%ED%80%B8(%EB%B0%B4%EB%93%9C),https://namu.wiki/w/%ED%80%B8(%EB%B0%B4%EB%93%9C)/%EC%8B%9C%EB%8F%84%ED%95%9C%20%EC%9D%8C%EC%95%85%20%EC%9E%A5%EB%A5%B4,1,8.,시도한 음악 장르,시도한 음악 장르//목록/블루스 록,2.10.,블루스 록,목록," ,"
https://namu.wiki/w/%ED%80%B8(%EB%B0%B4%EB%93%9C),https://namu.wiki/w/%ED%80%B8(%EB%B0%B4%EB%93%9C),https://namu.wiki/w/%ED%80%B8(%EB%B0%B4%EB%93%9C)/%EC%8B%9C%EB%8F%84%ED%95%9C%20%EC%9D%8C%EC%95%85%20%EC%9E%A5%EB%A5%B4,1,8.,시도한 음악 장르,시도한 음악 장르//목록/일렉트로닉 록,2.11.,일렉트로닉 록,목록," ,"
https://namu.wiki/w/%ED%80%B8(%EB%B0%B4%EB%93%9C),https://namu.wiki/w/%ED%80%B8(%EB%B0%B4%EB%93%9C),https://namu.wiki/w/%ED%80%B8(%EB%B0%B4%EB%93%9C)/%EC%8B%9C%EB%8F%84%ED%95%9C%20%EC%9D%8C%EC%95%85%20%EC%9E%A5%EB%A5%B4,1,8.,시도한 음악 장르,시도한 음악 장르//목록/파워 팝,2.12.,파워 팝,목록," ,"
https://namu.wiki/w/%ED%80%B8(%EB%B0%B4%EB%93%9C),https://namu.wiki/w/%ED%80%B8(%EB%B0%B4%EB%93%9C),https://namu.wiki/w/%ED%80%B8(%EB%B0%B4%EB%93%9C)/%EC%8B%9C%EB%8F%84%ED%95%9C%20%EC%9D%8C%EC%95%85%20%EC%9E%A5%EB%A5%B4,1,8.,시도한 음악 장르,시도한 음악 장르//목록/신스팝,2.13.,신스팝,목록," ,"
https://namu.wiki/w/%ED%80%B8(%EB%B0%B4%EB%93%9C),https://namu.wiki/w/%ED%80%B8(%EB%B0%B4%EB%93%9C),https://namu.wiki/w/%ED%80%B8(%EB%B0%B4%EB%93%9C)/%EC%8B%9C%EB%8F%84%ED%95%9C%20%EC%9D%8C%EC%95%85%20%EC%9E%A5%EB%A5%B4,1,8.,시도한 음악 장르,시도한 음악 장르//목록/바로크 팝,2.14.,바로크 팝,목록," ,"
https://namu.wiki/w/%ED%80%B8(%EB%B0%B4%EB%93%9C),https://namu.wiki/w/%ED%80%B8(%EB%B0%B4%EB%93%9C),https://namu.wiki/w/%ED%80%B8(%EB%B0%B4%EB%93%9C)/%EC%8B%9C%EB%8F%84%ED%95%9C%20%EC%9D%8C%EC%95%85%20%EC%9E%A5%EB%A5%B4,1,8.,시도한 음악 장르,시도한 음악 장르//목록/펑크,2.15.,펑크,목록," ,"
https://namu.wiki/w/%ED%80%B8(%EB%B0%B4%EB%93%9C),https://namu.wiki/w/%ED%80%B8(%EB%B0%B4%EB%93%9C),https://namu.wiki/w/%ED%80%B8(%EB%B0%B4%EB%93%9C)/%EC%8B%9C%EB%8F%84%ED%95%9C%20%EC%9D%8C%EC%95%85%20%EC%9E%A5%EB%A5%B4,1,8.,시도한 음악 장르,시도한 음악 장르//목록/디스코,2.16.,디스코,목록," ,"
https://namu.wiki/w/%ED%80%B8(%EB%B0%B4%EB%93%9C),https://namu.wiki/w/%ED%80%B8(%EB%B0%B4%EB%93%9C),https://namu.wiki/w/%ED%80%B8(%EB%B0%B4%EB%93%9C)/%EC%8B%9C%EB%8F%84%ED%95%9C%20%EC%9D%8C%EC%95%85%20%EC%9E%A5%EB%A5%B4,1,8.,시도한 음악 장르,시도한 음악 장르//목록/뉴웨이브,2.17.,뉴웨이브,목록," ,"
https://namu.wiki/w/%ED%80%B8(%EB%B0%B4%EB%93%9C),https://namu.wiki/w/%ED%80%B8(%EB%B0%B4%EB%93%9C),https://namu.wiki/w/%ED%80%B8(%EB%B0%B4%EB%93%9C)/%EC%8B%9C%EB%8F%84%ED%95%9C%20%EC%9D%8C%EC%95%85%20%EC%9E%A5%EB%A5%B4,1,8.,시도한 음악 장르,시도한 음악 장르//목록/포크,2.18.,포크,목록," ,"
https://namu.wiki/w/%ED%80%B8(%EB%B0%B4%EB%93%9C),https://namu.wiki/w/%ED%80%B8(%EB%B0%B4%EB%93%9C),https://namu.wiki/w/%ED%80%B8(%EB%B0%B4%EB%93%9C)/%EC%8B%9C%EB%8F%84%ED%95%9C%20%EC%9D%8C%EC%95%85%20%EC%9E%A5%EB%A5%B4,1,8.,시도한 음악 장르,"시도한 음악 장르//목록/R&B, 소울",2.19.,"R&B, 소울",목록," ,"
https://namu.wiki/w/%ED%80%B8(%EB%B0%B4%EB%93%9C),https://namu.wiki/w/%ED%80%B8(%EB%B0%B4%EB%93%9C),https://namu.wiki/w/%ED%80%B8(%EB%B0%B4%EB%93%9C)/%EC%8B%9C%EB%8F%84%ED%95%9C%20%EC%9D%8C%EC%95%85%20%EC%9E%A5%EB%A5%B4,1,8.,시도한 음악 장르,시도한 음악 장르//목록/가스펠,2.20.,가스펠,목록," ,"
https://namu.wiki/w/%ED%80%B8(%EB%B0%B4%EB%93%9C),https://namu.wiki/w/%ED%80%B8(%EB%B0%B4%EB%93%9C),https://namu.wiki/w/%ED%80%B8(%EB%B0%B4%EB%93%9C)/%EC%8B%9C%EB%8F%84%ED%95%9C%20%EC%9D%8C%EC%95%85%20%EC%9E%A5%EB%A5%B4,1,8.,시도한 음악 장르,시도한 음악 장르//목록/인스트루멘탈,2.21.,인스트루멘탈,목록," ,"
https://namu.wiki/w/%ED%80%B8(%EB%B0%B4%EB%93%9C),https://namu.wiki/w/%ED%80%B8(%EB%B0%B4%EB%93%9C),https://namu.wiki/w/%ED%80%B8(%EB%B0%B4%EB%93%9C)/%EC%8B%9C%EB%8F%84%ED%95%9C%20%EC%9D%8C%EC%95%85%20%EC%9E%A5%EB%A5%B4,1,8.,시도한 음악 장르,시도한 음악 장르//목록/왈츠,2.22.,왈츠,목록," ,"
https://namu.wiki/w/%ED%80%B8(%EB%B0%B4%EB%93%9C),https://namu.wiki/w/%ED%80%B8(%EB%B0%B4%EB%93%9C),https://namu.wiki/w/%ED%80%B8(%EB%B0%B4%EB%93%9C)/%EC%8B%9C%EB%8F%84%ED%95%9C%20%EC%9D%8C%EC%95%85%20%EC%9E%A5%EB%A5%B4,1,8.,시도한 음악 장르,시도한 음악 장르//목록/래그타임,2.23.,래그타임,목록," ,"
https://namu.wiki/w/%ED%80%B8(%EB%B0%B4%EB%93%9C),https://namu.wiki/w/%ED%80%B8(%EB%B0%B4%EB%93%9C),https://namu.wiki/w/%ED%80%B8(%EB%B0%B4%EB%93%9C)/%EC%8B%9C%EB%8F%84%ED%95%9C%20%EC%9D%8C%EC%95%85%20%EC%9E%A5%EB%A5%B4,1,8.,시도한 음악 장르,시도한 음악 장르//목록/앤섬,2.24.,앤섬,목록,해당 섹션에 대한 설명이 없거나 하위 문서로 대체됩니다.
https://namu.wiki/w/%ED%80%B8(%EB%B0%B4%EB%93%9C),https://namu.wiki/w/%ED%80%B8(%EB%B0%B4%EB%93%9C),https://namu.wiki/w/%ED%80%B8(%EB%B0%B4%EB%93%9C)/%EC%8B%9C%EB%8F%84%ED%95%9C%20%EC%9D%8C%EC%95%85%20%EC%9E%A5%EB%A5%B4,1,8.,시도한 음악 장르,시도한 음악 장르//FOOTNOTES,EOD.,FOOTNOTES,,
https://namu.wiki/w/%ED%80%B8(%EB%B0%B4%EB%93%9C),,https://namu.wiki/w/%ED%80%B8(%EB%B0%B4%EB%93%9C),0,,,디스코그래피,9.,디스코그래피,,"프레디 머큐리† 브라이언 메이 정규 앨범 15장, 라이브 앨범 9장, 컴필레이션 앨범 15장으로 총 35장이다. 추가적으로 박스 세트 10장을 포함하면 45장이 된다. ,,,,,Queen1973,Queen II1974,Sheer Heart Attack1974,A Night at the Opera1975,A Day at the Races1976,,,,,,Ne"
https://namu.wiki/w/%ED%80%B8(%EB%B0%B4%EB%93%9C),,https://namu.wiki/w/%ED%80%B8(%EB%B0%B4%EB%93%9C),0,,,디스코그래피/스튜디오 앨범,9.1.,스튜디오 앨범,디스코그래피,"역대 스튜디오 앨범 15+1장의 빌보드 200, UK 차트 순위를 나타낸 자료이다.영국에서 훨씬 많은 인기를 얻은 데다 1970~1980년대 영국 음악 시장이 미국 못지않게 컸음을 고려하여, UK 차트 순위도 같이 수록한다.굵은 글씨는 각 차트에서 1위를 한 앨범 / 싱글이다. + Paul Rodgers  발매일,제목,리드 싱글,UK차트,빌보드 200,총 "
https://namu.wiki/w/%ED%80%B8(%EB%B0%B4%EB%93%9C),,https://namu.wiki/w/%ED%80%B8(%EB%B0%B4%EB%93%9C),0,,,디스코그래피/라이브 앨범,9.2.,라이브 앨범,디스코그래피," 연도,제목,1979,Live Killers,1986,Live Magic(#fn-84; 미국에선 1992년에 발매)1992,Live at Wembley '86,1995,At the Beeb,2004,Queen on Fire – Live at the Bowl,2007,Queen Rock Montreal,2012,Hungarian Rhapsody: Queen "
https://namu.wiki/w/%ED%80%B8(%EB%B0%B4%EB%93%9C),,https://namu.wiki/w/%ED%80%B8(%EB%B0%B4%EB%93%9C),0,,,디스코그래피/컴필레이션 앨범,9.3.,컴필레이션 앨범,디스코그래피," 연도,제목,1981,Greatest Hits,1991,Greatest Hits II,1992,Classic Queen (미국 한정),1992,The 12"" Collection,1997,Queen Rocks,1999,Greatest Hits III,2006,Stone Cold Classics,2007,The A-Z of Queen, Volume 1,2009"
https://namu.wiki/w/%ED%80%B8(%EB%B0%B4%EB%93%9C),,https://namu.wiki/w/%ED%80%B8(%EB%B0%B4%EB%93%9C),0,,,디스코그래피/EP,9.4.,EP,디스코그래피," 연도,제목,1977,Queen's First E.P.,"
https://namu.wiki/w/%ED%80%B8(%EB%B0%B4%EB%93%9C),,https://namu.wiki/w/%ED%80%B8(%EB%B0%B4%EB%93%9C),0,,,디스코그래피/박스셋,9.5.,박스셋,디스코그래피," 연도,제목,1985,The Complete Works,1991,Queen CD Single Box,1998,The Crown Jewels,2000,The Platinum Collection,2008,The Singles Collection Volume 1,2009,The Singles Collection Volume 2,2010,The Singles Co"
https://namu.wiki/w/%ED%80%B8(%EB%B0%B4%EB%93%9C),,https://namu.wiki/w/%ED%80%B8(%EB%B0%B4%EB%93%9C),0,,,디스코그래피/싱글,9.6.,싱글,디스코그래피,"빌보드 핫 100 30위권 안쪽, UK 차트 20위 안에 든 싱글만 추렸다.영국에서 훨씬 많은 인기를 얻은 데다 1970~1980년대 영국 음악 시장이 미국 못지않게 컸음을 고려하여, UK 차트 순위도 같이 수록한다.보통 영국에서는 UK 싱글 차트 역사상 가장 성공한 밴드로 반드시 꼽히며, 미국에서는 영국에서 비교적 부진했던 1980년의 '더 게임' 앨범 "
https://namu.wiki/w/%ED%80%B8(%EB%B0%B4%EB%93%9C),,https://namu.wiki/w/%ED%80%B8(%EB%B0%B4%EB%93%9C),0,,,디스코그래피/싱글/UK 차트,9.6.1.,UK 차트,디스코그래피/싱글,해당 섹션에 대한 설명이 없거나 하위 문서로 대체됩니다.
https://namu.wiki/w/%ED%80%B8(%EB%B0%B4%EB%93%9C),,https://namu.wiki/w/%ED%80%B8(%EB%B0%B4%EB%93%9C),0,,,싱글/싱글/UK 차트/UK 차트 1위,9.6.1.1.,UK 차트 1위,싱글/싱글/UK 차트," 1위 목록,년도(#fn-86; 최고 순위 시점 기준.)곡명,최고 순위,수록 앨범,1975년,Bohemian Rhapsody,9주연속 1위,A Night at the Opera,1981년,Under Pressure,2주연속 1위,Hot Space,1991년,Innuendo,1위,Innuendo,1992년,We Are The Champions,5주연속 1위,"
https://namu.wiki/w/%ED%80%B8(%EB%B0%B4%EB%93%9C),,https://namu.wiki/w/%ED%80%B8(%EB%B0%B4%EB%93%9C),0,,,싱글/싱글/UK 차트/UK 차트 2위,9.6.1.2.,UK 차트 2위,싱글/싱글/UK 차트,"  2위 목록,년도(#fn-87; 최고 순위 시점 기준.)곡명,최고 순위,수록 앨범,1975년,Killer Queen,2위,Sheer Heart Attack,1977년,Somebody To Love,2위,A Day at the Races,We Will Rock You,2위,News of the World,We Are the Champions,2위,1979년"
https://namu.wiki/w/%ED%80%B8(%EB%B0%B4%EB%93%9C),,https://namu.wiki/w/%ED%80%B8(%EB%B0%B4%EB%93%9C),0,,,싱글/싱글/UK 차트/UK 차트 3위~10위,9.6.1.3.,UK 차트 3위~10위,싱글/싱글/UK 차트,I Want to Break Free (1984) - 3위 A Kind of Magic (1986) - 3위 I Want It All (1989) - 3위 Another One Bites the Dust (Wyclef Jean remix) (1998) - 5위 It's a Hard Life (1984) - 6위 A Winter's Tale (1995) - 
https://namu.wiki/w/%ED%80%B8(%EB%B0%B4%EB%93%9C),,https://namu.wiki/w/%ED%80%B8(%EB%B0%B4%EB%93%9C),0,,,싱글/싱글/UK 차트/UK 차트 11위~20위,9.6.1.4.,UK 차트 11위~20위,싱글/싱글/UK 차트,Now I'm Here (1975) - 11위 Bicycle Race / Fat Bottomed Girls (1978) - 11위 Save Me (1980) - 11위 The Invisible Man (1989) - 12위 Hammer to Fall (1984) - 13위 No-One but You (1997) - 13위 Play The Game (1980
https://namu.wiki/w/%ED%80%B8(%EB%B0%B4%EB%93%9C),,https://namu.wiki/w/%ED%80%B8(%EB%B0%B4%EB%93%9C),0,,,디스코그래피/싱글/빌보드차트 성적,9.6.2.,빌보드차트 성적,디스코그래피/싱글," Queen Billboard HOT 100 차트인 목록,년도(#fn-88; 최고 순위 시점 기준.)곡명,최고 순위,수록 앨범,1975년,Killer Queen,12위,Sheer Heart Attack,1976년,Bohemian Rhapsody,9위,A Night at the Opera,You're My Best Friend,16위,1977년,Somebod"
https://namu.wiki/w/%ED%80%B8(%EB%B0%B4%EB%93%9C),,https://namu.wiki/w/%ED%80%B8(%EB%B0%B4%EB%93%9C),0,,,뮤직비디오,10.,뮤직비디오,,"퀸의 YouTube 뮤직비디오 조회수(#fn-90; 2024년 8월 12일 0시 기준)(#fn-91; 가사 영상은 제외.)순위,곡명,조회수,게시일,링크,1,Bohemian Rhapsody,1,810,560,716(#fn-92; 보헤미안 랩소디의 뮤직비디오는 2024년 기준으로 하루에 15만회씩 조회되고 있다.)2008.08.01.,,2,Don't Stop "
https://namu.wiki/w/%ED%80%B8(%EB%B0%B4%EB%93%9C),https://namu.wiki/w/%ED%80%B8(%EB%B0%B4%EB%93%9C),https://namu.wiki/w/%ED%80%B8(%EB%B0%B4%EB%93%9C)/%EB%9D%BC%EC%9D%B4%EB%B8%8C%20%ED%88%AC%EC%96%B4,1,12.,라이브 투어,라이브 투어//개요,1.,개요,,영국의 록밴드 퀸의 라이브 투어와 공연을 정리한 문서이다. 
https://namu.wiki/w/%ED%80%B8(%EB%B0%B4%EB%93%9C),https://namu.wiki/w/%ED%80%B8(%EB%B0%B4%EB%93%9C),https://namu.wiki/w/%ED%80%B8(%EB%B0%B4%EB%93%9C)/%EB%9D%BC%EC%9D%B4%EB%B8%8C%20%ED%88%AC%EC%96%B4,1,12.,라이브 투어,라이브 투어//역사,2.,역사,,다음 문서로 대체 설명: https://namu.wiki/w/%ED%80%B8(%EB%B0%B4%EB%93%9C)/%EB%9D%BC%EC%9D%B4%EB%B8%8C%20%ED%88%AC%EC%96%B4/%EC%97%AD%EC%82%AC
https://namu.wiki/w/%ED%80%B8(%EB%B0%B4%EB%93%9C),https://namu.wiki/w/%ED%80%B8(%EB%B0%B4%EB%93%9C),https://namu.wiki/w/%ED%80%B8(%EB%B0%B4%EB%93%9C)/%EB%9D%BC%EC%9D%B4%EB%B8%8C%20%ED%88%AC%EC%96%B4,1,12.,라이브 투어,라이브 투어//사용 장비,3.,사용 장비,,다음 문서로 대체 설명: https://namu.wiki/w/%ED%80%B8(%EB%B0%B4%EB%93%9C)/%EB%9D%BC%EC%9D%B4%EB%B8%8C%20%ED%88%AC%EC%96%B4/%EC%82%AC%EC%9A%A9%20%EC%9E%A5%EB%B9%84
https://namu.wiki/w/%ED%80%B8(%EB%B0%B4%EB%93%9C),https://namu.wiki/w/%ED%80%B8(%EB%B0%B4%EB%93%9C),https://namu.wiki/w/%ED%80%B8(%EB%B0%B4%EB%93%9C)/%EB%9D%BC%EC%9D%B4%EB%B8%8C%20%ED%88%AC%EC%96%B4,1,12.,라이브 투어,라이브 투어//데뷔 전,4.,데뷔 전,,    자세한 내용은 퀸(밴드)/라이브 투어/데뷔 전 문서를의 번 문단을의  부분을 참고하십시오. 
https://namu.wiki/w/%ED%80%B8(%EB%B0%B4%EB%93%9C),https://namu.wiki/w/%ED%80%B8(%EB%B0%B4%EB%93%9C),https://namu.wiki/w/%ED%80%B8(%EB%B0%B4%EB%93%9C)/%EB%9D%BC%EC%9D%B4%EB%B8%8C%20%ED%88%AC%EC%96%B4,1,12.,라이브 투어,라이브 투어//1집 Queen 투어,5.,1집 Queen 투어,,    자세한 내용은 Queen(음반)/라이브 투어 문서를의 번 문단을의  부분을 참고하십시오. 
https://namu.wiki/w/%ED%80%B8(%EB%B0%B4%EB%93%9C),https://namu.wiki/w/%ED%80%B8(%EB%B0%B4%EB%93%9C),https://namu.wiki/w/%ED%80%B8(%EB%B0%B4%EB%93%9C)/%EB%9D%BC%EC%9D%B4%EB%B8%8C%20%ED%88%AC%EC%96%B4,1,12.,라이브 투어,라이브 투어//2집 Queen II 투어,6.,2집 Queen II 투어,,    자세한 내용은 Queen II/라이브 투어 문서를의 번 문단을의  부분을 참고하십시오. 
https://namu.wiki/w/%ED%80%B8(%EB%B0%B4%EB%93%9C),https://namu.wiki/w/%ED%80%B8(%EB%B0%B4%EB%93%9C),https://namu.wiki/w/%ED%80%B8(%EB%B0%B4%EB%93%9C)/%EB%9D%BC%EC%9D%B4%EB%B8%8C%20%ED%88%AC%EC%96%B4,1,12.,라이브 투어,라이브 투어//3집 Sheer Heart Attack 투어,7.,3집 Sheer Heart Attack 투어,,    자세한 내용은 Sheer Heart Attack/라이브 투어 문서를의 번 문단을의  부분을 참고하십시오. 
https://namu.wiki/w/%ED%80%B8(%EB%B0%B4%EB%93%9C),https://namu.wiki/w/%ED%80%B8(%EB%B0%B4%EB%93%9C),https://namu.wiki/w/%ED%80%B8(%EB%B0%B4%EB%93%9C)/%EB%9D%BC%EC%9D%B4%EB%B8%8C%20%ED%88%AC%EC%96%B4,1,12.,라이브 투어,라이브 투어//4집 A Night at the Opera 투어,8.,4집 A Night at the Opera 투어,,    자세한 내용은 A Night at the Opera/라이브 투어 문서를의 번 문단을의  부분을 참고하십시오. 
https://namu.wiki/w/%ED%80%B8(%EB%B0%B4%EB%93%9C),https://namu.wiki/w/%ED%80%B8(%EB%B0%B4%EB%93%9C),https://namu.wiki/w/%ED%80%B8(%EB%B0%B4%EB%93%9C)/%EB%9D%BC%EC%9D%B4%EB%B8%8C%20%ED%88%AC%EC%96%B4,1,12.,라이브 투어,라이브 투어//1976 Summer Gigs,9.,1976 Summer Gigs,,    자세한 내용은 1976 Summer Gigs 문서를의 번 문단을의  부분을 참고하십시오. 
https://namu.wiki/w/%ED%80%B8(%EB%B0%B4%EB%93%9C),https://namu.wiki/w/%ED%80%B8(%EB%B0%B4%EB%93%9C),https://namu.wiki/w/%ED%80%B8(%EB%B0%B4%EB%93%9C)/%EB%9D%BC%EC%9D%B4%EB%B8%8C%20%ED%88%AC%EC%96%B4,1,12.,라이브 투어,라이브 투어//5집 A Day at the Races 투어,10.,5집 A Day at the Races 투어,,    자세한 내용은 A Day at the Races/라이브 투어 문서를의 번 문단을의  부분을 참고하십시오. 
https://namu.wiki/w/%ED%80%B8(%EB%B0%B4%EB%93%9C),https://namu.wiki/w/%ED%80%B8(%EB%B0%B4%EB%93%9C),https://namu.wiki/w/%ED%80%B8(%EB%B0%B4%EB%93%9C)/%EB%9D%BC%EC%9D%B4%EB%B8%8C%20%ED%88%AC%EC%96%B4,1,12.,라이브 투어,라이브 투어//6집 News of the World 투어,11.,6집 News of the World 투어,,    자세한 내용은 News of the World/라이브 투어 문서를의 번 문단을의  부분을 참고하십시오. 
https://namu.wiki/w/%ED%80%B8(%EB%B0%B4%EB%93%9C),https://namu.wiki/w/%ED%80%B8(%EB%B0%B4%EB%93%9C),https://namu.wiki/w/%ED%80%B8(%EB%B0%B4%EB%93%9C)/%EB%9D%BC%EC%9D%B4%EB%B8%8C%20%ED%88%AC%EC%96%B4,1,12.,라이브 투어,라이브 투어//7집 Jazz 투어,12.,7집 Jazz 투어,,    자세한 내용은 Jazz(음반)/라이브 투어 문서를의 번 문단을의  부분을 참고하십시오.
https://namu.wiki/w/%ED%80%B8(%EB%B0%B4%EB%93%9C),https://namu.wiki/w/%ED%80%B8(%EB%B0%B4%EB%93%9C),https://namu.wiki/w/%ED%80%B8(%EB%B0%B4%EB%93%9C)/%EB%9D%BC%EC%9D%B4%EB%B8%8C%20%ED%88%AC%EC%96%B4,1,12.,라이브 투어,라이브 투어//Crazy Tour,13.,Crazy Tour,,    자세한 내용은 Crazy Tour 문서를의 번 문단을의  부분을 참고하십시오. 
https://namu.wiki/w/%ED%80%B8(%EB%B0%B4%EB%93%9C),https://namu.wiki/w/%ED%80%B8(%EB%B0%B4%EB%93%9C),https://namu.wiki/w/%ED%80%B8(%EB%B0%B4%EB%93%9C)/%EB%9D%BC%EC%9D%B4%EB%B8%8C%20%ED%88%AC%EC%96%B4,1,12.,라이브 투어,라이브 투어//8집 + 9집 The Game 투어,14.,8집 + 9집 The Game 투어,,    자세한 내용은 The Game/라이브 투어 문서를의 번 문단을의  부분을 참고하십시오. 
https://namu.wiki/w/%ED%80%B8(%EB%B0%B4%EB%93%9C),https://namu.wiki/w/%ED%80%B8(%EB%B0%B4%EB%93%9C),https://namu.wiki/w/%ED%80%B8(%EB%B0%B4%EB%93%9C)/%EB%9D%BC%EC%9D%B4%EB%B8%8C%20%ED%88%AC%EC%96%B4,1,12.,라이브 투어,라이브 투어//10집 Hot Space 투어,15.,10집 Hot Space 투어,,    자세한 내용은 Hot Space/라이브 투어 문서를의 번 문단을의  부분을 참고하십시오. 
https://namu.wiki/w/%ED%80%B8(%EB%B0%B4%EB%93%9C),https://namu.wiki/w/%ED%80%B8(%EB%B0%B4%EB%93%9C),https://namu.wiki/w/%ED%80%B8(%EB%B0%B4%EB%93%9C)/%EB%9D%BC%EC%9D%B4%EB%B8%8C%20%ED%88%AC%EC%96%B4,1,12.,라이브 투어,라이브 투어//11집 The Works 투어,16.,11집 The Works 투어,,    자세한 내용은 The Works/라이브 투어 문서를의 번 문단을의  부분을 참고하십시오. 
https://namu.wiki/w/%ED%80%B8(%EB%B0%B4%EB%93%9C),https://namu.wiki/w/%ED%80%B8(%EB%B0%B4%EB%93%9C),https://namu.wiki/w/%ED%80%B8(%EB%B0%B4%EB%93%9C)/%EB%9D%BC%EC%9D%B4%EB%B8%8C%20%ED%88%AC%EC%96%B4,1,12.,라이브 투어,라이브 투어//라이브 에이드,17.,라이브 에이드,,"퀸에게 제 2의 전성기를 안겨 준 최고의 공연.1985년 7월 13일 런던 웸블리 스타디움에서 열린 자선 록 페스티벌. 공연 전체가 위성으로 실황 중계되어 전 세계 19억 명이 시청하였다.참가한 모든 뮤지션들은 공연하는 데 단 20분의 시간이 주어졌고, 직접 준비한 무대 장치나 조명 장치, 스튜디오 녹음본을 사용하거나 사운드체크를 하는 것 모두 불허되었다."
https://namu.wiki/w/%ED%80%B8(%EB%B0%B4%EB%93%9C),https://namu.wiki/w/%ED%80%B8(%EB%B0%B4%EB%93%9C),https://namu.wiki/w/%ED%80%B8(%EB%B0%B4%EB%93%9C)/%EB%9D%BC%EC%9D%B4%EB%B8%8C%20%ED%88%AC%EC%96%B4,1,12.,라이브 투어,라이브 투어//라이브 에이드/세트리스트,17.1.,세트리스트,라이브 에이드,"The Works 음반의 3곡과 그 밖에 퀸 최고의 히트곡 4곡을 연주했다. 그러나 제한된 25분의 공연 시간으로 인해 Bohemian Rhapsody는 발라드 파트만 연주하고, Hammer to Fall은 원래 라이브에선 정규 음반 버전으로 기타 솔로파트를 더 길게 연주하는데 여기선 싱글 버전으로 짧게 연주했다. We Will Rock You는 1절만 부"
https://namu.wiki/w/%ED%80%B8(%EB%B0%B4%EB%93%9C),https://namu.wiki/w/%ED%80%B8(%EB%B0%B4%EB%93%9C),https://namu.wiki/w/%ED%80%B8(%EB%B0%B4%EB%93%9C)/%EB%9D%BC%EC%9D%B4%EB%B8%8C%20%ED%88%AC%EC%96%B4,1,12.,라이브 투어,라이브 투어//12집 매직 투어,18.,12집 매직 투어,,    자세한 내용은 A Kind of Magic/라이브 투어 문서를의 번 문단을의  부분을 참고하십시오. 
https://namu.wiki/w/%ED%80%B8(%EB%B0%B4%EB%93%9C),https://namu.wiki/w/%ED%80%B8(%EB%B0%B4%EB%93%9C),https://namu.wiki/w/%ED%80%B8(%EB%B0%B4%EB%93%9C)/%EB%9D%BC%EC%9D%B4%EB%B8%8C%20%ED%88%AC%EC%96%B4,1,12.,라이브 투어,라이브 투어//문서가 있는 공연 목록,19.,문서가 있는 공연 목록,,Queen Live at Wembley Queen Live at Budapest Queen Live at Knebworth Park
https://namu.wiki/w/%ED%80%B8(%EB%B0%B4%EB%93%9C),https://namu.wiki/w/%ED%80%B8(%EB%B0%B4%EB%93%9C),https://namu.wiki/w/%ED%80%B8(%EB%B0%B4%EB%93%9C)/%EB%9D%BC%EC%9D%B4%EB%B8%8C%20%ED%88%AC%EC%96%B4,1,12.,라이브 투어,라이브 투어//FOOTNOTES,EOD.,FOOTNOTES,,"[1] Gotta leave you all~ 이 부분을 처음부터 높여부르는 라이브는 손에 꼽는다.[2] 이미 목소리가 탁성으로 변한 뒤라, 몬트리올 때처럼 확 느껴지는 여린 목소리를 기대하기에는 힘들다. 확실히 예시로 든 몬트리올에 비하면 otta leave you all 부분을 살짝 불안정하게 올리는 모습도 보여준다. 하지만 Hot Space 투어 후반부"
https://namu.wiki/w/%ED%80%B8(%EB%B0%B4%EB%93%9C),https://namu.wiki/w/%ED%80%B8(%EB%B0%B4%EB%93%9C),https://namu.wiki/w/%ED%80%B8(%EB%B0%B4%EB%93%9C)/%EC%88%98%EC%83%81%20%EB%82%B4%EC%97%AD,1,13.,수상 내역,수상 내역//개요,1.,개요,,영국의 록 밴드 퀸의 역대 수상 및 후보 목록을 서술한 문서이다.
https://namu.wiki/w/%ED%80%B8(%EB%B0%B4%EB%93%9C),https://namu.wiki/w/%ED%80%B8(%EB%B0%B4%EB%93%9C),https://namu.wiki/w/%ED%80%B8(%EB%B0%B4%EB%93%9C)/%EC%88%98%EC%83%81%20%EB%82%B4%EC%97%AD,1,13.,수상 내역,수상 내역//헌액 및 수여,2.,헌액 및 수여,,"퀸의 헌액 및 수여,연도,내용,2001년,로큰롤 명예의 전당 입성,2002년,할리우드 명예의 거리 입성,2003년,작곡가 명예의 전당입성(#fn-%ec%b5%9c%ec%b4%88; 개인이 아닌 단체, 즉 밴드로서는 최초로 입성했다.)2004년,영국 음악 명예의 전당 입성,Bohemian Rhapsody의 그래미 명예의 전당 입성,'RockWalk of Fa"
https://namu.wiki/w/%ED%80%B8(%EB%B0%B4%EB%93%9C),https://namu.wiki/w/%ED%80%B8(%EB%B0%B4%EB%93%9C),https://namu.wiki/w/%ED%80%B8(%EB%B0%B4%EB%93%9C)/%EC%88%98%EC%83%81%20%EB%82%B4%EC%97%AD,1,13.,수상 내역,수상 내역//수상,3.,수상,,해당 섹션에 대한 설명이 없거나 하위 문서로 대체됩니다.
https://namu.wiki/w/%ED%80%B8(%EB%B0%B4%EB%93%9C),https://namu.wiki/w/%ED%80%B8(%EB%B0%B4%EB%93%9C),https://namu.wiki/w/%ED%80%B8(%EB%B0%B4%EB%93%9C)/%EC%88%98%EC%83%81%20%EB%82%B4%EC%97%AD,1,13.,수상 내역,수상 내역//수상/브릿 어워드,3.1.,브릿 어워드,수상," 퀸의 브릿 어워드 수상 및 후보 내역,연도,후보자 및 작품,결과,1977년,Bohemian Rhapsody(#fn-%ec%8b%b1%ea%b8%80; )최종 수상,1982년,Greatest Hits(#fn-%ec%95%a8%eb%b2%94; )후보 지명,1985년,The Works(#fn-%ec%95%a8%eb%b2%94; )후보 지명,퀸(#fn-%ea%"
https://namu.wiki/w/%ED%80%B8(%EB%B0%B4%EB%93%9C),https://namu.wiki/w/%ED%80%B8(%EB%B0%B4%EB%93%9C),https://namu.wiki/w/%ED%80%B8(%EB%B0%B4%EB%93%9C)/%EC%88%98%EC%83%81%20%EB%82%B4%EC%97%AD,1,13.,수상 내역,수상 내역//수상/아이버 노벨로 상,3.2.,아이버 노벨로 상,수상," 퀸의 아이버 노벨로 상 수상 및 후보 내역,연도,후보자 및 작품,결과,1976년,Bohemian Rhapsody(#fn-12; 베스트셀러 영국 음반)최종 수상,1981년,Flash(#fn-13; 최고의 영화 노래, 주제 또는 점수)후보 지명,Another One Bites the Dust(#fn-14; 올해의 국제 히트작	)후보 지명,1987년,퀸(#fn"
https://namu.wiki/w/%ED%80%B8(%EB%B0%B4%EB%93%9C),https://namu.wiki/w/%ED%80%B8(%EB%B0%B4%EB%93%9C),https://namu.wiki/w/%ED%80%B8(%EB%B0%B4%EB%93%9C)/%EC%88%98%EC%83%81%20%EB%82%B4%EC%97%AD,1,13.,수상 내역,수상 내역//수상/빌보드 뮤직 어워드,3.3.,빌보드 뮤직 어워드,수상," 퀸의 빌보드 뮤직 어워드 수상 및 후보 내역,연도,후보자 및 작품,결과,2019년,퀸(#fn-19; 톱 록 아티스트)후보 지명,Bohemian Rhapsody: Original Soundtrack(#fn-20; 인기 사운드트랙)후보 지명,"
https://namu.wiki/w/%ED%80%B8(%EB%B0%B4%EB%93%9C),https://namu.wiki/w/%ED%80%B8(%EB%B0%B4%EB%93%9C),https://namu.wiki/w/%ED%80%B8(%EB%B0%B4%EB%93%9C)/%EC%88%98%EC%83%81%20%EB%82%B4%EC%97%AD,1,13.,수상 내역,수상 내역//수상/기타,3.4.,기타,수상,해당 섹션에 대한 설명이 없거나 하위 문서로 대체됩니다.
https://namu.wiki/w/%ED%80%B8(%EB%B0%B4%EB%93%9C),https://namu.wiki/w/%ED%80%B8(%EB%B0%B4%EB%93%9C),https://namu.wiki/w/%ED%80%B8(%EB%B0%B4%EB%93%9C)/%EC%88%98%EC%83%81%20%EB%82%B4%EC%97%AD,1,13.,수상 내역,수상 내역//수상/기타/1974년,3.4.1.,1974년,수상/기타,"Sound: 최우수 신인 영국 밴드 3위, 최우수 국제 밴드 9위 Disk : 가장 밝은 희망 10위 NME : 두 번째로 유망한 새 이름 "
https://namu.wiki/w/%ED%80%B8(%EB%B0%B4%EB%93%9C),https://namu.wiki/w/%ED%80%B8(%EB%B0%B4%EB%93%9C),https://namu.wiki/w/%ED%80%B8(%EB%B0%B4%EB%93%9C)/%EC%88%98%EC%83%81%20%EB%82%B4%EC%97%AD,1,13.,수상 내역,수상 내역//수상/기타/1975년,3.4.2.,1975년,수상/기타,"Melody Maker : 올해의 밴드 Record Mirror : 영국 신인상 2위, 베스트 싱글 (Killer Queen) 2위, 인터내셔널 그룹 9위 NME: 최고의 영국 그룹 8위, 최고의 무대 밴드 7위, 세계에서 가장 유망한 그룹 4위, 가장 유망한 새 이름 3위, 최고의 월드 그룹 17위 Disk : 톱 라이브 밴드, 톱 인터내셔널 그룹, 톱 "
https://namu.wiki/w/%ED%80%B8(%EB%B0%B4%EB%93%9C),https://namu.wiki/w/%ED%80%B8(%EB%B0%B4%EB%93%9C),https://namu.wiki/w/%ED%80%B8(%EB%B0%B4%EB%93%9C)/%EC%88%98%EC%83%81%20%EB%82%B4%EC%97%AD,1,13.,수상 내역,수상 내역//수상/기타/1976년,3.4.3.,1976년,수상/기타,"NME : 1위 영국 스테이지 밴드, 2위 그룹, 5위 월드 그룹, 3위 월드 스테이지 밴드, 프레디 머큐리 7위 월드 싱어, 5월: 3위 톱 기타리스트, 1위 영국 싱글 (Bohemian Rhapsody), 앨범 (A Night at the Opera) 음반 미러/디스크: 영국 그룹 1위, 월드 그룹 1위, 싱글 1위 (Bohemian Rhapsody),"
https://namu.wiki/w/%ED%80%B8(%EB%B0%B4%EB%93%9C),https://namu.wiki/w/%ED%80%B8(%EB%B0%B4%EB%93%9C),https://namu.wiki/w/%ED%80%B8(%EB%B0%B4%EB%93%9C)/%EC%88%98%EC%83%81%20%EB%82%B4%EC%97%AD,1,13.,수상 내역,수상 내역//수상/기타/1977년,3.4.4.,1977년,수상/기타,"브릿 어워드 : 지난 25년간 최고의 영국 싱글 (Bohemian Rhapsody) 그래미상 후보: 듀오, 그룹, 합창단의 베스트 팝 보컬 퍼포먼스 및 보이스 편곡 부문 (Bohemian Rhapsody) Europe One Radio: 가장 잠재력 있는 록 밴드 "
https://namu.wiki/w/%ED%80%B8(%EB%B0%B4%EB%93%9C),https://namu.wiki/w/%ED%80%B8(%EB%B0%B4%EB%93%9C),https://namu.wiki/w/%ED%80%B8(%EB%B0%B4%EB%93%9C)/%EC%88%98%EC%83%81%20%EB%82%B4%EC%97%AD,1,13.,수상 내역,수상 내역//수상/기타/1979년,3.4.5.,1979년,수상/기타,"Music Life Japan: 톱 그룹, 톱 앨범 (Jazz), 톱 싱글, 톱 가수, 톱 기타리스트, 톱 드러머, 톱 베이스 연주자 "
https://namu.wiki/w/%ED%80%B8(%EB%B0%B4%EB%93%9C),https://namu.wiki/w/%ED%80%B8(%EB%B0%B4%EB%93%9C),https://namu.wiki/w/%ED%80%B8(%EB%B0%B4%EB%93%9C)/%EC%88%98%EC%83%81%20%EB%82%B4%EC%97%AD,1,13.,수상 내역,수상 내역//수상/기타/1980년,3.4.6.,1980년,수상/기타,"Juno Awards : 최우수 그룹, 최우수 국제 싱글 (Another One Bites the Dust), 최우수 국제 앨범 (The Game) Record World USA: 최고의 남성 그룹, 최고의 프로듀서, 최고의 디스코 크로스오버 (모두Another One Bites the Dust로 수상) Dick Clark Awards USA: 최우수 밴드"
https://namu.wiki/w/%ED%80%B8(%EB%B0%B4%EB%93%9C),https://namu.wiki/w/%ED%80%B8(%EB%B0%B4%EB%93%9C),https://namu.wiki/w/%ED%80%B8(%EB%B0%B4%EB%93%9C)/%EC%88%98%EC%83%81%20%EB%82%B4%EC%97%AD,1,13.,수상 내역,수상 내역//수상/기타/1981년,3.4.7.,1981년,수상/기타,"그래미상 후보 : The Game과 함께한 올해의 프로듀서 (비클래식), 보컬과 함께한 듀오 또는 그룹의 베스트 록 퍼포먼스 (Another One Bites the Dust) 아메리칸 뮤직 어워드 : 인기 팝/록 싱글 (Another One Bites the Dust) 및 인기 팝/록 밴드/듀오/그룹 후보 (The Game) Music Life Japan"
https://namu.wiki/w/%ED%80%B8(%EB%B0%B4%EB%93%9C),https://namu.wiki/w/%ED%80%B8(%EB%B0%B4%EB%93%9C),https://namu.wiki/w/%ED%80%B8(%EB%B0%B4%EB%93%9C)/%EC%88%98%EC%83%81%20%EB%82%B4%EC%97%AD,1,13.,수상 내역,수상 내역//수상/기타/1982년,3.4.8.,1982년,수상/기타,브릿 어워드 후보: 최우수 영국 앨범 (Greatest Hits(퀸)|Greatest Hits) 
https://namu.wiki/w/%ED%80%B8(%EB%B0%B4%EB%93%9C),https://namu.wiki/w/%ED%80%B8(%EB%B0%B4%EB%93%9C),https://namu.wiki/w/%ED%80%B8(%EB%B0%B4%EB%93%9C)/%EC%88%98%EC%83%81%20%EB%82%B4%EC%97%AD,1,13.,수상 내역,수상 내역//수상/기타/1984년,3.4.9.,1984년,수상/기타,"Nordoff-Robbins Music Therapy : 영국 음악에 대한 뛰어난 공헌 * 영국 비디오 어워드: The Works EP로 최우수 편집 부문에서 높은 평가, 'Radio Ga Ga' 로 최우수 영상상 수상"
https://namu.wiki/w/%ED%80%B8(%EB%B0%B4%EB%93%9C),https://namu.wiki/w/%ED%80%B8(%EB%B0%B4%EB%93%9C),https://namu.wiki/w/%ED%80%B8(%EB%B0%B4%EB%93%9C)/%EC%88%98%EC%83%81%20%EB%82%B4%EC%97%AD,1,13.,수상 내역,수상 내역//수상/기타/1985년,3.4.10.,1985년,수상/기타,브릿 어워드 후보: 최우수 영국 앨범 및 최우수 영국 그룹 (The Works) 
https://namu.wiki/w/%ED%80%B8(%EB%B0%B4%EB%93%9C),https://namu.wiki/w/%ED%80%B8(%EB%B0%B4%EB%93%9C),https://namu.wiki/w/%ED%80%B8(%EB%B0%B4%EB%93%9C)/%EC%88%98%EC%83%81%20%EB%82%B4%EC%97%AD,1,13.,수상 내역,수상 내역//수상/기타/1986년,3.4.11.,1986년,수상/기타,"데일리 미러 독자 투표 : 영국 톱 그룹, 톱 남성 보컬리스트, 베스트 앨범 5위 (A Kind of Magic) 데일리 익스프레스: 최우수 앨범 커버상 (A Kind of Magic) 브리티시 비디오 어워드 : 톱 뮤직 비디오 어워드 (Live at Rio) 월드와이드 뮤직 어워드 : 베스트 월드와이드 그룹 "
https://namu.wiki/w/%ED%80%B8(%EB%B0%B4%EB%93%9C),https://namu.wiki/w/%ED%80%B8(%EB%B0%B4%EB%93%9C),https://namu.wiki/w/%ED%80%B8(%EB%B0%B4%EB%93%9C)/%EC%88%98%EC%83%81%20%EB%82%B4%EC%97%AD,1,13.,수상 내역,수상 내역//수상/기타/1987년,3.4.12.,1987년,수상/기타,Sun : 프레디 머큐리 - 최고의 남성 보컬리스트 캐피털 라디오 런던 : 최고의 그룹 아이버 노벨로 : 영국 음악에 대한 뛰어난 공헌 브리티시 비디오 어워드: Queen Live at Budapest 공연 영상 
https://namu.wiki/w/%ED%80%B8(%EB%B0%B4%EB%93%9C),https://namu.wiki/w/%ED%80%B8(%EB%B0%B4%EB%93%9C),https://namu.wiki/w/%ED%80%B8(%EB%B0%B4%EB%93%9C)/%EC%88%98%EC%83%81%20%EB%82%B4%EC%97%AD,1,13.,수상 내역,수상 내역//수상/기타/1988년,3.4.13.,1988년,수상/기타,"몽트뢰 골든 로즈 페스티벌: 국제 음악 미디어 컨퍼런스: 전 세계 최고의 장편 비디오 (The Magic Years) Festerio, 리우데자네이루, 브라질 : 최우수 비디오 다큐멘터리 (The Magic Years) "
https://namu.wiki/w/%ED%80%B8(%EB%B0%B4%EB%93%9C),https://namu.wiki/w/%ED%80%B8(%EB%B0%B4%EB%93%9C),https://namu.wiki/w/%ED%80%B8(%EB%B0%B4%EB%93%9C)/%EC%88%98%EC%83%81%20%EB%82%B4%EC%97%AD,1,13.,수상 내역,수상 내역//수상/기타/1989년,3.4.14.,1989년,수상/기타,인디펜던트 텔레비전 어워드 : 80년대 최고의 밴드 미국 영화제: 은상 (The Magic Years) 앤트워프 다이아몬드 어워드: 최우수 특수 효과상(The Invisible Man) 
https://namu.wiki/w/%ED%80%B8(%EB%B0%B4%EB%93%9C),https://namu.wiki/w/%ED%80%B8(%EB%B0%B4%EB%93%9C),https://namu.wiki/w/%ED%80%B8(%EB%B0%B4%EB%93%9C)/%EC%88%98%EC%83%81%20%EB%82%B4%EC%97%AD,1,13.,수상 내역,수상 내역//수상/기타/1990년,3.4.15.,1990년,수상/기타,브릿 어워드 : 음악 부문 뛰어난 공헌 및 최우수 뮤직 비디오 후보 
https://namu.wiki/w/%ED%80%B8(%EB%B0%B4%EB%93%9C),https://namu.wiki/w/%ED%80%B8(%EB%B0%B4%EB%93%9C),https://namu.wiki/w/%ED%80%B8(%EB%B0%B4%EB%93%9C)/%EC%88%98%EC%83%81%20%EB%82%B4%EC%97%AD,1,13.,수상 내역,수상 내역//수상/기타/1991년,3.4.16.,1991년,수상/기타,"시카고 아메리칸 영화제 : Innuendo 1위, I'm Going Slightly Mad가 예술문화 및 공연예술 부문 Creative Excellence 부문 3위 수상 모니터 어워드 (국제 텔레프로덕션 협회), 뉴욕시: 뮤직 비디오 부문 최고 성과 (Innuendo) "
https://namu.wiki/w/%ED%80%B8(%EB%B0%B4%EB%93%9C),https://namu.wiki/w/%ED%80%B8(%EB%B0%B4%EB%93%9C),https://namu.wiki/w/%ED%80%B8(%EB%B0%B4%EB%93%9C)/%EC%88%98%EC%83%81%20%EB%82%B4%EC%97%AD,1,13.,수상 내역,수상 내역//수상/기타/1992년,3.4.17.,1992년,수상/기타,"브릿 어워드: 프레디 머큐리 - 사후 음악 부문 우수 공헌상, 최우수 영국 싱글(These Are the Days of Our Lives), 최우수 영국 싱글(Bohemian Rhapsody) 및 최우수 영국 그룹(Innuendo) 후보로 지명되었다. 아이버 노벨로 : 베스트 싱글(These Are the Days of Our Lives), 5월에는 베스트"
https://namu.wiki/w/%ED%80%B8(%EB%B0%B4%EB%93%9C),https://namu.wiki/w/%ED%80%B8(%EB%B0%B4%EB%93%9C),https://namu.wiki/w/%ED%80%B8(%EB%B0%B4%EB%93%9C)/%EC%88%98%EC%83%81%20%EB%82%B4%EC%97%AD,1,13.,수상 내역,수상 내역//수상/기타/1993년,3.4.18.,1993년,수상/기타,"아이버 노벨로 : 프레디 머큐리 - (Living on My Own) (유작) 미국 작곡가, 작가, 출판사 협회 : 프레디 머큐리 - 사후 1993년 미국에서 가장 많이 재생된 음반으로 Bohemian Rhapsody를 수상 헐리우드 모니터상 : ""Red Couch"" 상 ( Greatest Flix II 및 I'm Going Slightly Mad) "
https://namu.wiki/w/%ED%80%B8(%EB%B0%B4%EB%93%9C),https://namu.wiki/w/%ED%80%B8(%EB%B0%B4%EB%93%9C),https://namu.wiki/w/%ED%80%B8(%EB%B0%B4%EB%93%9C)/%EC%88%98%EC%83%81%20%EB%82%B4%EC%97%AD,1,13.,수상 내역,수상 내역//수상/기타/1997년,3.4.19.,1997년,수상/기타,아이버 노벨로 : 가사 및 음악 부문 최우수 곡(Too Much Love Will Kill You) 
https://namu.wiki/w/%ED%80%B8(%EB%B0%B4%EB%93%9C),https://namu.wiki/w/%ED%80%B8(%EB%B0%B4%EB%93%9C),https://namu.wiki/w/%ED%80%B8(%EB%B0%B4%EB%93%9C)/%EC%88%98%EC%83%81%20%EB%82%B4%EC%97%AD,1,13.,수상 내역,수상 내역//수상/기타/2001년,3.4.20.,2001년,수상/기타,"골든 로즈 영화제, 몽트뢰 : Prix de la Presse (Freddie Mercury: The Untold Story) "
https://namu.wiki/w/%ED%80%B8(%EB%B0%B4%EB%93%9C),https://namu.wiki/w/%ED%80%B8(%EB%B0%B4%EB%93%9C),https://namu.wiki/w/%ED%80%B8(%EB%B0%B4%EB%93%9C)/%EC%88%98%EC%83%81%20%EB%82%B4%EC%97%AD,1,13.,수상 내역,수상 내역//수상/기타/2002년,3.4.21.,2002년,수상/기타,"그래미상 후보 : 프레디 머큐리 (Freddie Mercury: The Untold Story) 를 위한 최우수 장편 뮤직 비디오 뉴욕 영화제 : 최고의 TV 및 엔터테인먼트 프로그램 부문 세계 금메달(버라이어티 특별 부문), Freddie Mercury: The Untold Story 로 베스트 홈 비디오(뮤직 비디오 부문) 부문 세계 금메달 Capita"
https://namu.wiki/w/%ED%80%B8(%EB%B0%B4%EB%93%9C),https://namu.wiki/w/%ED%80%B8(%EB%B0%B4%EB%93%9C),https://namu.wiki/w/%ED%80%B8(%EB%B0%B4%EB%93%9C)/%EC%88%98%EC%83%81%20%EB%82%B4%EC%97%AD,1,13.,수상 내역,수상 내역//수상/기타/2003년,3.4.22.,2003년,수상/기타,"연간 DVD 어워드 : 최우수 DVD-오디오 (The Game) 유니버설 쉐라톤 DVD 어워드 : 올해의 DVD-오디오 (The Game) 캐피탈 레전드 어워드 : 전설적인 그룹 유럽 음악 DVD상 : 최우수 라이브 DVD (Queen Live at Wembley) 서라운드 뮤직 어워드 : ""베스트 믹스 : 비오케스트라"" (The Game)"
https://namu.wiki/w/%ED%80%B8(%EB%B0%B4%EB%93%9C),https://namu.wiki/w/%ED%80%B8(%EB%B0%B4%EB%93%9C),https://namu.wiki/w/%ED%80%B8(%EB%B0%B4%EB%93%9C)/%EC%88%98%EC%83%81%20%EB%82%B4%EC%97%AD,1,13.,수상 내역,수상 내역//수상/기타/2005년,3.4.23.,2005년,수상/기타,브릿 어워드 후보: BRITs 25 Best Song (We Are the Champions) 
https://namu.wiki/w/%ED%80%B8(%EB%B0%B4%EB%93%9C),https://namu.wiki/w/%ED%80%B8(%EB%B0%B4%EB%93%9C),https://namu.wiki/w/%ED%80%B8(%EB%B0%B4%EB%93%9C)/%EC%88%98%EC%83%81%20%EB%82%B4%EC%97%AD,1,13.,수상 내역,수상 내역//수상/기타/2011년,3.4.24.,2011년,수상/기타,MTV 유럽 뮤직 어워드 : 글로벌 아이콘 상업 
https://namu.wiki/w/%ED%80%B8(%EB%B0%B4%EB%93%9C),https://namu.wiki/w/%ED%80%B8(%EB%B0%B4%EB%93%9C),https://namu.wiki/w/%ED%80%B8(%EB%B0%B4%EB%93%9C)/%EC%88%98%EC%83%81%20%EB%82%B4%EC%97%AD,1,13.,수상 내역,수상 내역//수상/기타/2018년,3.4.25.,2018년,수상/기타,그래미 어워드 : 그래미 평생 공로상 수상
https://namu.wiki/w/%ED%80%B8(%EB%B0%B4%EB%93%9C),https://namu.wiki/w/%ED%80%B8(%EB%B0%B4%EB%93%9C),https://namu.wiki/w/%ED%80%B8(%EB%B0%B4%EB%93%9C)/%EC%88%98%EC%83%81%20%EB%82%B4%EC%97%AD,1,13.,수상 내역,수상 내역//FOOTNOTES,EOD.,FOOTNOTES,,"[최초] 1.1 1.2 개인이 아닌 단체, 즉 밴드로서는 최초로 입성했다.[싱글] 3.1 3.2 [앨범] 4.1 4.2 [그룹] 6.1 6.2 [공헌] 7.1 7.2 'Outstanding Contribution to Music'[25주년] British Song of 25 Year[12] 베스트셀러 영국 음반[13] 최고의 영화 노래, 주제 또는 점수[1"
https://namu.wiki/w/%ED%80%B8(%EB%B0%B4%EB%93%9C),,https://namu.wiki/w/%ED%80%B8(%EB%B0%B4%EB%93%9C),0,,,밴드 관련 인물,14.,밴드 관련 인물,,해당 섹션에 대한 설명이 없거나 하위 문서로 대체됩니다.
https://namu.wiki/w/%ED%80%B8(%EB%B0%B4%EB%93%9C),,https://namu.wiki/w/%ED%80%B8(%EB%B0%B4%EB%93%9C),0,,,밴드 관련 인물/밴드 관계자,14.1.,밴드 관계자,밴드 관련 인물,"존 리드퀸의 사실상 첫 번째 매니저이다. 엘튼 존의 매니저로 유명한 인물이며, A Night at the Opera가 전 세계에서 대성공하는 데에 도움을 준 인물이다. 여담으로 전기 영화에선 잘 드러나진 않았지만 동성애자였다고 한다.  짐 비치퀸의 두 번째 매니저로, 변호사 출신이다. 국내에 출판된 평전에 따르면 프레디 머큐리 생전에 있었던 공연 중 몇 개"
https://namu.wiki/w/%ED%80%B8(%EB%B0%B4%EB%93%9C),,https://namu.wiki/w/%ED%80%B8(%EB%B0%B4%EB%93%9C),0,,,밴드 관련 인물/투어 및 세션 멤버,14.2.,투어 및 세션 멤버,밴드 관련 인물,팀 스타펠퀸의 전신인 스마일의 보컬이자 베이스를 담당한 멤버였다. 전기 영화 보헤미안 랩소디에서는 퀸 이전인 스마일이 등장하여 영화 제작에 동의를 표했고 영화의 OST 앨범에 수록된 스마일 시절 곡 Doing All Right을 당시 멤버였던 브라이언 메이와 로저 테일러와 함께 재녹음했다.  스파이크 에드니1960년대부터 여러 밴드와 함께 연주한 영국 음악
https://namu.wiki/w/%ED%80%B8(%EB%B0%B4%EB%93%9C),,https://namu.wiki/w/%ED%80%B8(%EB%B0%B4%EB%93%9C),0,,,밴드 관련 인물/기타 관련 인물,14.3.,기타 관련 인물,밴드 관련 인물,"메리 오스틴프레디 머큐리의 첫 여성 파트너로, 그의 음악적 변화와 아이디어에 영감을 주었다는 평가가 있다. 실제로 그녀는 멤버들과도 친한 사이였다고 한다.(#fn-96; 애초에 프레디에게 메리를 소개시켜 준 인물이 브라이언 메이이다.)메리 오스틴은 프레디 머큐리 사후 그의 재산과 솔로 음악 저작권의 대부분을 보유했다.  케니 에버렛 - 영국의 방송인이다. "
https://namu.wiki/w/%ED%80%B8(%EB%B0%B4%EB%93%9C),,https://namu.wiki/w/%ED%80%B8(%EB%B0%B4%EB%93%9C),0,,,기타,15.,기타,,해당 섹션에 대한 설명이 없거나 하위 문서로 대체됩니다.
https://namu.wiki/w/%ED%80%B8(%EB%B0%B4%EB%93%9C),,https://namu.wiki/w/%ED%80%B8(%EB%B0%B4%EB%93%9C),0,,,FOOTNOTES,EOD.,FOOTNOTES,,"[1] 그러나 미국의 인증은 소속사에서 수동적으로 업데이트를 해야 하기 때문에 위의 자료는 더 정확성을 잃게 된다.[2] #[3] 다만 여기도 모든 국가 판매량을 계산한 것은 아니고 주요 큰 국가만 계산되기 때문에 순수 판매량이 꽤 축소된 경향이 있다. 아티스트 모두 실제는 더 팔았을 것이라고 추측된다.[4] 최소 500,000,000장 – [5] 최소 3"
